geo_entity_title,Openning Balance,Total Fund Available,Total Expenditure on Wages,Total Expenditure on Materials,Total Expenditure on Tax,Total Expenditure on Admin Expenses,Grand Total Expenditure,Total Unspent Balance,Total Payment Due,level,scheme,year,SC,ST,Minority,Others,Total
1 padampur,27.05,930.76,833.41,246.31,7.9799999999999995,0,1087.68,-156.85999999999999,7.11,AC,MNREGA,2018-19,NA,NA,NA,NA,NA
10 biramitrapur (st),0,1970.63,1634.6,437.69,2.52,0,2074.78,-104.17,30.35,AC,MNREGA,2018-19,NA,NA,NA,NA,NA
100 mahakalapada,0,318.22,413.12,135.51,1.45,0,550.1,-231.87,4.15,AC,MNREGA,2018-19,NA,NA,NA,NA,NA
101 paradeep,14.229999999999999,22.099999999999998,102.59,53.46,2.99,0,159.07,-136.94,1.2,AC,MNREGA,2018-19,NA,NA,NA,NA,NA
102 tirtol (sc),20.150000000000002,277.22,346.64,54.14,1.44,0,402.17,-124.94,10.57,AC,MNREGA,2018-19,NA,NA,NA,NA,NA
103 balikuda- erasama,23.74,316.36,162.93,198.8,3.82,0,365.56,-49.260000000000005,7.39,AC,MNREGA,2018-19,NA,NA,NA,NA,NA
104 jagatsinghpur,-9.319999999999999,177.96,219.21,149.2,0,0,368.39,-190.4,3.32,AC,MNREGA,2018-19,NA,NA,NA,NA,NA
105 kakatpur (sc),-0.02,525.25,506.5,80.91,0,0,587.45,-62.18,7.23,AC,MNREGA,2018-19,NA,NA,NA,NA,NA
106 nimapara,-0.05,176.13,213.62,40.73,0.03,0,254.39000000000001,-78.25,7.28,AC,MNREGA,2018-19,NA,NA,NA,NA,NA
107 puri,-0.01,190.59,180.14,20.35,0,0,200.51,-9.92,4.48,AC,MNREGA,2018-19,NA,NA,NA,NA,NA
108 brahmagiri,-0.17,680.4,601.65,113.14,1.09,0,715.85,-35.44,8.43,AC,MNREGA,2018-19,NA,NA,NA,NA,NA
109 satyabadi,0,378.33,370.48,97.78,7.6000000000000005,0,475.9,-97.62,3.93,AC,MNREGA,2018-19,NA,NA,NA,NA,NA
11 raghunathpali (sc),0,185.78,127.66,78.88,0.37,0,206.91,-21.14,1.09,AC,MNREGA,2018-19,NA,NA,NA,NA,NA
110 pipili,-0.35000000000000003,155.46,207.25,84.26,4.2700000000000005,0,295.77,-140.27,2.34,AC,MNREGA,2018-19,NA,NA,NA,NA,NA
111 jayadev (sc),-11.04,117.1,112.43,113.19,0.93,0,226.59,-109.49,1.75,AC,MNREGA,2018-19,NA,NA,NA,NA,NA
113 bhubaneswar north,1.22,9.43,8.73,13.37,0.12,0,22.23,-12.790000000000001,0.22,AC,MNREGA,2018-19,NA,NA,NA,NA,NA
114 ekamra- bhubaneswar,1.6400000000000001,5.25,8.33,11.43,0.13,0,19.89,-14.63,0.19,AC,MNREGA,2018-19,NA,NA,NA,NA,NA
115 jatani,-19.62,59.19,56.85,49.7,0.3,0,106.82,-47.62,0.35000000000000003,AC,MNREGA,2018-19,NA,NA,NA,NA,NA
116 begunia,1.2599999999999998,304.38,257.4,47.22,0.06,0,304.67,-0.2699999999999998,0.82,AC,MNREGA,2018-19,NA,NA,NA,NA,NA
117 khurda,14.24,277.29,208.8,75.39,0.43,0,284.62,-7.31,2.29,AC,MNREGA,2018-19,NA,NA,NA,NA,NA
118 chilika,4.12,228.87,182.68,46.31,0.14,0,229.1,-0.2999999999999997,1.45,AC,MNREGA,2018-19,NA,NA,NA,NA,NA
119 ranpur,-13.93,539.91,484.91,66.58,0.88,0,552.34,-12.42,3.92,AC,MNREGA,2018-19,NA,NA,NA,NA,NA
12 rourkela,0,7,7.06,0,0,0,7.06,-0.06,0.02,AC,MNREGA,2018-19,NA,NA,NA,NA,NA
120 khandapada,24.57,1650.64,1041.2,585.09,0.8,0,1627.0800000000002,23.56,23.46,AC,MNREGA,2018-19,NA,NA,NA,NA,NA
121 daspalla (sc),20.22,638.6,524.74,89.71000000000001,1.96,0,616.41,22.26,5.39,AC,MNREGA,2018-19,NA,NA,NA,NA,NA
122 nayagarh,29.860000000000003,742.86,605.7,105.44,0.72,0,711.85,30.96,4.45,AC,MNREGA,2018-19,NA,NA,NA,NA,NA
123 bhanjanagar,3,1171.58,854.45,324.67,0,0,1179.11,-7.53,13.16,AC,MNREGA,2018-19,NA,NA,NA,NA,NA
124 polasara,0,667.03,487.47,176.67,1.1,0,665.25,1.77,4.97,AC,MNREGA,2018-19,NA,NA,NA,NA,NA
125 kabisuryanagar,0,527.09,412.45,113.94,0,0,526.4,0.68,5.76,AC,MNREGA,2018-19,NA,NA,NA,NA,NA
126 khalikote (sc),0,1016.08,646.21,367.35,0,0,1013.51,2.5300000000000002,5.47,AC,MNREGA,2018-19,NA,NA,NA,NA,NA
127 chhatrapur (sc),0,743.52,461.75,295.84,0,0,757.58,-14.08,2.99,AC,MNREGA,2018-19,NA,NA,NA,NA,NA
128 aska,0,713.85,525.29,185.64,0,0,710.91,2.93,3.89,AC,MNREGA,2018-19,NA,NA,NA,NA,NA
129 surada,0,1085.99,869.08,230.67,0,0,1099.71,-13.739999999999998,11.870000000000001,AC,MNREGA,2018-19,NA,NA,NA,NA,NA
13 rajgangpur (st),0,1445.62,1226.18,358.82,2.15,0,1587.13,-141.54,11.99,AC,MNREGA,2018-19,NA,NA,NA,NA,NA
130 sanakhemundi,0,1129.29,741.62,378.36,0.01,0,1120.03,9.31,4.41,AC,MNREGA,2018-19,NA,NA,NA,NA,NA
131 hinjili,0,952.77,706.99,242.68,0.51,0,950.25,2.5500000000000003,5.640000000000001,AC,MNREGA,2018-19,NA,NA,NA,NA,NA
132 gopalpur,0,331.37,232.55,102.05,0,0,334.59,-3.23,2.4699999999999998,AC,MNREGA,2018-19,NA,NA,NA,NA,NA
134 digapahandi,0,638.06,474.82,197.01,0,0,671.85,-33.76,5.28,AC,MNREGA,2018-19,NA,NA,NA,NA,NA
135 chikiti,3.85,1003.98,740.8100000000001,254.05,0,0,994.89,9.07,5.1000000000000005,AC,MNREGA,2018-19,NA,NA,NA,NA,NA
136 mohana (st),0,2468.27,1685.59,820.72,0.02,0,2506.35,-38.12,31.6,AC,MNREGA,2018-19,NA,NA,NA,NA,NA
137 paralakhemundi,0,713.11,497.53000000000003,263.38,0.48000000000000004,0,761.41,-48.309999999999995,13.77,AC,MNREGA,2018-19,NA,NA,NA,NA,NA
138 gunupur (st),-239.22,1935.64,1255.05,903.76,26.34,0,2185.25,-249.58,45.160000000000004,AC,MNREGA,2018-19,NA,NA,NA,NA,NA
139 bissam cuttack (st),-217.2,1435.11,993.6,676.98,11.610000000000001,0,1682.27,-247.18,14.95,AC,MNREGA,2018-19,NA,NA,NA,NA,NA
14 bonai (st),0,1660.13,1446.12,252.73,0.91,0,1699.8,-39.67,11.69,AC,MNREGA,2018-19,NA,NA,NA,NA,NA
140 rayagada (st),-297.96999999999997,1437.54,916.85,819.15,2.83,0,1738.85,-301.32,30.8,AC,MNREGA,2018-19,NA,NA,NA,NA,NA
141 lakshmipur (st),-1.61,3619.29,2272.54,1367.82,53.16,0,3693.5,-74.21,44.04,AC,MNREGA,2018-19,NA,NA,NA,NA,NA
142 kotpad (st),-1.08,2710.66,1767.88,1051.52,44.160000000000004,0,2863.55,-152.87,21.7,AC,MNREGA,2018-19,NA,NA,NA,NA,NA
143 jeypore,-0.35,1693.31,1046.81,641.61,2.66,0,1691.06,2.28,11.97,AC,MNREGA,2018-19,NA,NA,NA,NA,NA
144 koraput (sc),-3.62,1843.18,1374.54,688.04,61.03,0,2175.39,-332.24,28.58,AC,MNREGA,2018-19,NA,NA,NA,NA,NA
145 pottangi (st),-0.22,3014.1,1965.81,1020.52,41.47,0,3027.73,-13.61,35.76,AC,MNREGA,2018-19,NA,NA,NA,NA,NA
146 malkangiri (st),57.45,660.46,493.19,110,0.23,0,603.38,57.07,4.62,AC,MNREGA,2018-19,NA,NA,NA,NA,NA
147 chitrakonda (st),28.99,581.56,502.6,87.76,0.29,0,590.65,-9.07,4.21,AC,MNREGA,2018-19,NA,NA,NA,NA,NA
15 kuchinda (st),18.4,1433.54,1138.98,268.79,5.89,0,1413.68,19.87,7.41,AC,MNREGA,2018-19,NA,NA,NA,NA,NA
16 rengali (sc),7.45,978.15,769.23,207.23,0.8099999999999999,0,977.26,0.9099999999999998,6.71,AC,MNREGA,2018-19,NA,NA,NA,NA,NA
18 rairakhol,18.48,1351.65,1030.36,307.63,3.48,0,1341.54,10.15,11,AC,MNREGA,2018-19,NA,NA,NA,NA,NA
19 deogarh,-27.69,2031.54,1379.49,670.78,7.02,0,2057.28,-25.71,12.44,AC,MNREGA,2018-19,NA,NA,NA,NA,NA
2 bijepur,20.81,759.3100000000001,704.65,299.05,10.62,0,1014.3,-254.95,4.43,AC,MNREGA,2018-19,NA,NA,NA,NA,NA
20 telkoi (st),-225.39,1767.61,1368.37,634.21,9.59,0,2012.19,-244.57,10.82,AC,MNREGA,2018-19,NA,NA,NA,NA,NA
21 ghasipura,34.01,1543.77,1257.94,312.52,20.88,0,1591.3899999999999,-47.61,8.31,AC,MNREGA,2018-19,NA,NA,NA,NA,NA
22 anandapur (sc),39.830000000000005,2097.98,1514.82,541.3,12.51,0,2068.66,29.32,8.29,AC,MNREGA,2018-19,NA,NA,NA,NA,NA
23 patna (st),-215.6,2090.08,1801.1299999999999,695.22,23.03,0,2519.4,-429.27,7.08,AC,MNREGA,2018-19,NA,NA,NA,NA,NA
24 keonjhar (st),138.15,1266.02,951.64,226.44,2.91,0,1180.99,85.04,3.02,AC,MNREGA,2018-19,NA,NA,NA,NA,NA
25 champua,-33.57,797.31,612.71,261.07,4.03,0,877.8,-80.49,3.63,AC,MNREGA,2018-19,NA,NA,NA,NA,NA
26 jashipur (st),0,1669.43,1139.59,606.55,7.67,0,1753.83,-84.44,9.31,AC,MNREGA,2018-19,NA,NA,NA,NA,NA
27 saraskana (st),0,4199.6900000000005,1957.84,2351.94,11.7,0,4321.54,-121.84,77.99,AC,MNREGA,2018-19,NA,NA,NA,NA,NA
28 rairangpur (st),0,2706.66,1644.11,1020.92,13.62,0,2678.69,27.98,7.26,AC,MNREGA,2018-19,NA,NA,NA,NA,NA
29 bangriposi (st),0,2594.39,1187.54,1385.17,10.52,0,2583.2400000000002,11.15,4.08,AC,MNREGA,2018-19,NA,NA,NA,NA,NA
3 bargarh,-0.06,54.42,277,96.47,0.12,0,373.56,-319.19,1.8,AC,MNREGA,2018-19,NA,NA,NA,NA,NA
30 karanjia (st),0,2708.88,1458.91,1229.48,17.03,0,2705.42,3.43,9.95,AC,MNREGA,2018-19,NA,NA,NA,NA,NA
31 udala (st),0,2730.53,1446.07,1260.75,14.91,0,2721.75,8.78,12.33,AC,MNREGA,2018-19,NA,NA,NA,NA,NA
32 badasahi (sc),0,954.73,694.11,252.47,3.98,0,950.59,4.14,1.79,AC,MNREGA,2018-19,NA,NA,NA,NA,NA
33 baripada (st),0,850.97,540.61,368.57,2.82,0,911.98,-61,4.6,AC,MNREGA,2018-19,NA,NA,NA,NA,NA
34 morada,0,1027.57,773.02,249.2,1.34,0,1023.59,3.98,5.94,AC,MNREGA,2018-19,NA,NA,NA,NA,NA
35 jaleswar,-60.440000000000005,235.35999999999999,328.45,55.1,2.72,0,386.27,-150.91,1.34,AC,MNREGA,2018-19,NA,NA,NA,NA,NA
36 bhograi,0,0.15,14.99,4.5600000000000005,0,0,19.54,-19.4,0.07,AC,MNREGA,2018-19,NA,NA,NA,NA,NA
37 basta,0.06000000000000001,279.97,272.28,83.1,3.25,0,358.6,-78.69,1.07,AC,MNREGA,2018-19,NA,NA,NA,NA,NA
38 balasore,5.12,175.51,109.4,9.01,0.13,0,118.53,56.99,1.62,AC,MNREGA,2018-19,NA,NA,NA,NA,NA
39 remuna (sc),5.82,82.09,52.36,72.2,0.08,0,124.61,-42.57,1.2,AC,MNREGA,2018-19,NA,NA,NA,NA,NA
4 attabira (sc),13.17,335.89,467.99,157.34,1.28,0,626.63,-290.69,2.22,AC,MNREGA,2018-19,NA,NA,NA,NA,NA
40 nilgiri,5.69,241.1,212.31,29.79,0,0,242.10999999999999,-0.9600000000000009,1.61,AC,MNREGA,2018-19,NA,NA,NA,NA,NA
41 soro (sc),7.4,93.67,62.15,43.4,0.44,0,106.03,-12.38,0.65,AC,MNREGA,2018-19,NA,NA,NA,NA,NA
42 simulia,2.29,164.86,98,98.99,0.14,0,197.07999999999998,-32.230000000000004,1.37,AC,MNREGA,2018-19,NA,NA,NA,NA,NA
43 bhandaripokhari,-0.04,301.2,292.93,29.830000000000002,0,0,322.77,-21.630000000000003,3.22,AC,MNREGA,2018-19,NA,NA,NA,NA,NA
44 bhadrak,0,331.68,314.35,17.12,0,0,331.47,0.18,3.07,AC,MNREGA,2018-19,NA,NA,NA,NA,NA
45 basudevpur,-0.01,386.86,394,58.14,0,0,452.12,-65.27,10.24,AC,MNREGA,2018-19,NA,NA,NA,NA,NA
46 dhamnagar,-0.08,468.5,453.35,19.96,0.03,0,473.34,-4.81,7.51,AC,MNREGA,2018-19,NA,NA,NA,NA,NA
47 chandabal,0,398.77,379.23,21.89,0,0,401.12,-2.3699999999999997,5.94,AC,MNREGA,2018-19,NA,NA,NA,NA,NA
48 binjharpur (sc),-0.03,1097.43,801.47,333.89,0,0,1135.38,-37.97,4.45,AC,MNREGA,2018-19,NA,NA,NA,NA,NA
49 bari,0,589.55,398.73,266.34,2.03,0,667.08,-77.54,6.2,AC,MNREGA,2018-19,NA,NA,NA,NA,NA
5 bhatli,18.06,985.08,802,281.54,0.36,0,1083.91,-98.84,3.7,AC,MNREGA,2018-19,NA,NA,NA,NA,NA
50 barachana,0,160.2,209.01,143.17,0,0,352.2,-192,3.0300000000000002,AC,MNREGA,2018-19,NA,NA,NA,NA,NA
51 dharmasala,0,378.95,360.2,328.23,0.22,0,688.6,-309.69,1.28,AC,MNREGA,2018-19,NA,NA,NA,NA,NA
52 jajpur,0,549.61,463.3,152.28,0,0,615.53,-65.97,4.390000000000001,AC,MNREGA,2018-19,NA,NA,NA,NA,NA
53 korei,0,604.68,454.66999999999996,354.35,0.24000000000000002,0,809.22,-204.55,5.36,AC,MNREGA,2018-19,NA,NA,NA,NA,NA
54 sukinda,0,464.49,440.52,44.87,0.75,0,486.17,-21.69,4.55,AC,MNREGA,2018-19,NA,NA,NA,NA,NA
55 dhenkanal,4.1,948.9399999999999,715.79,345.73,1.61,0,1063.14,-114.28,7.89,AC,MNREGA,2018-19,NA,NA,NA,NA,NA
56 hindol (sc),11.9,749.11,610.79,203.81,1.3800000000000001,0,815.97,-66.85,6.79,AC,MNREGA,2018-19,NA,NA,NA,NA,NA
57 kamakhyanagar,11.92,677.75,571.01,310.77,1.4000000000000001,0.01,883.24,-205.48,5.98,AC,MNREGA,2018-19,NA,NA,NA,NA,NA
58 parjanga,11.16,1241.83,970.07,380.18,5.42,0,1355.64,-113.79,19.169999999999998,AC,MNREGA,2018-19,NA,NA,NA,NA,NA
59 pallahara,5.72,514.47,374.85,230.87,2.57,0,608.34,-93.83,7.42,AC,MNREGA,2018-19,NA,NA,NA,NA,NA
6 brajarajnagar,0,441.62,411.5,56.89,1.52,0,469.93,-28.27,1.47,AC,MNREGA,2018-19,NA,NA,NA,NA,NA
60 talcher,4.46,47.37,47.62,8.27,0.71,0,56.62,-9.23,0.08,AC,MNREGA,2018-19,NA,NA,NA,NA,NA
61 angul,0.67,279.42,266.82,45.88,2.0100000000000002,0,314.71,-35.260000000000005,2.97,AC,MNREGA,2018-19,NA,NA,NA,NA,NA
62 chhendipada (sc),24.16,224.84,188.04,156.73,0.76,0,345.46,-120.61,2.61,AC,MNREGA,2018-19,NA,NA,NA,NA,NA
63 athamallik,4.67,743.53,599.58,178.25,1.1600000000000001,0,778.98,-35.41,6.17,AC,MNREGA,2018-19,NA,NA,NA,NA,NA
64 birmaharajpur (sc),0,113.41,100.69,19.66,0.02,0,120.35,-6.97,2.03,AC,MNREGA,2018-19,NA,NA,NA,NA,NA
65 sonepur,0,215.63,204.28,27.74,0.42,0,232.47,-16.87,6.630000000000001,AC,MNREGA,2018-19,NA,NA,NA,NA,NA
66 loisingha (sc),21.09,1423.43,1194.1299999999999,223.85999999999999,2.59,0,1420.49,2.9100000000000006,14.31,AC,MNREGA,2018-19,NA,NA,NA,NA,NA
67 patnagarh,68.59,1610.14,1388.7,146.56,0,0,1535.27,74.87,15.87,AC,MNREGA,2018-19,NA,NA,NA,NA,NA
68 bolangir,23.56,895.97,773.82,96.6,0,0,870.47,25.52,5.6,AC,MNREGA,2018-19,NA,NA,NA,NA,NA
69 titlagarh,-115.64,1479.1100000000001,1307.3799999999999,285.05,1.58,0,1594.01,-114.91,9.71,AC,MNREGA,2018-19,NA,NA,NA,NA,NA
7 jharsuguda,0,680.33,607.04,152.68,5.29,0,765,-84.67,5.25,AC,MNREGA,2018-19,NA,NA,NA,NA,NA
70 kantabanji,-63.84,2425.61,1806.38,683.99,2.38,0,2492.73,-67.13,20.97,AC,MNREGA,2018-19,NA,NA,NA,NA,NA
71 nuapada,16.43,1327.74,1177,159.57999999999998,4.96,0,1341.52,-13.800000000000002,21.27,AC,MNREGA,2018-19,NA,NA,NA,NA,NA
72 kharia,-80.01,1660.56,1459.35,275.43,1.4200000000000002,0,1736.15,-75.61,25.76,AC,MNREGA,2018-19,NA,NA,NA,NA,NA
73 umerkote (st),-23.689999999999998,709.35,484.94,194.13,2.59,0,681.6999999999999,27.619999999999997,7.63,AC,MNREGA,2018-19,NA,NA,NA,NA,NA
74 jharigam (st),-5.83,1397.27,991.57,396.95,5.41,0,1393.8999999999999,3.359999999999999,12.59,AC,MNREGA,2018-19,NA,NA,NA,NA,NA
75 nabarangpur (st),13.7,1090.02,781.54,294.69,0,0,1076.25,13.860000000000001,8.42,AC,MNREGA,2018-19,NA,NA,NA,NA,NA
76 dabugam (st),-54.56,972.55,705.22,324.63,0,0,1029.85,-57.28,8.71,AC,MNREGA,2018-19,NA,NA,NA,NA,NA
77 lanjigarh (st),0,795.53,442.43,419.54,9.08,0,871.05,-75.52,12.56,AC,MNREGA,2018-19,NA,NA,NA,NA,NA
78 junagarh,0,399.55,239.38,146.93,6.13,0,392.43,7.11,3.49,AC,MNREGA,2018-19,NA,NA,NA,NA,NA
79 dharamgarh,0,445.17,246.03,203.43,0.27,0,449.67,-4.53,3.27,AC,MNREGA,2018-19,NA,NA,NA,NA,NA
8 talsara (st),0,2708.17,1966.18,886.92,5.18,0,2858.28,-150.15,21.98,AC,MNREGA,2018-19,NA,NA,NA,NA,NA
80 bhawanipatna (sc),0,469.06,223.31,215.06,6.89,0,445.24,23.79,2.22,AC,MNREGA,2018-19,NA,NA,NA,NA,NA
81 narla,0,755.33,338.48,377.85,2.7800000000000002,0,719.08,36.24,2.99,AC,MNREGA,2018-19,NA,NA,NA,NA,NA
82 baliguda (st),-0.23,1760.72,1409.84,406.32,2.93,0,1819.07,-58.32,11.16,AC,MNREGA,2018-19,NA,NA,NA,NA,NA
83 g. udayagiri (st),0,1323.46,1069.24,315.27,0.17,0,1384.67,-61.15,9.39,AC,MNREGA,2018-19,NA,NA,NA,NA,NA
84 phulbani (st),-0.02,1547.7,1448.73,118.69,0.13,0.49,1568.05,-20.36,6.39,AC,MNREGA,2018-19,NA,NA,NA,NA,NA
85 kantamal,-9.7,1336.09,1189.86,267.77,0.27,0,1457.88,-121.78,22.85,AC,MNREGA,2018-19,NA,NA,NA,NA,NA
86 boudh,-8.8,669.15,581.78,100.45,2.96,0,685.2,-16.06,15.77,AC,MNREGA,2018-19,NA,NA,NA,NA,NA
87 baramba,0,646.3,839,258.8,0.32,0,1098.14,-451.82,11.14,AC,MNREGA,2018-19,NA,NA,NA,NA,NA
88 banki,0,94.88000000000001,320.37,34.1,0.16,0,354.65,-259.79,2.24,AC,MNREGA,2018-19,NA,NA,NA,NA,NA
89 athagarh,0,28.86,187.26,54.54,0,0,241.78,-212.89,1.78,AC,MNREGA,2018-19,NA,NA,NA,NA,NA
9 sundargarh (st),0,2578.36,2058.82,836.99,7.88,0,2903.7,-325.3,17,AC,MNREGA,2018-19,NA,NA,NA,NA,NA
91 choudwar- cuttack,0,0,22.69,8.33,0,0,31.03,-31.03,0.03,AC,MNREGA,2018-19,NA,NA,NA,NA,NA
92 niali (sc),0,149.79,155.47,58.15,0.53,0,214.09,-64.31,2.16,AC,MNREGA,2018-19,NA,NA,NA,NA,NA
93 cuttack sadar (sc),0,28.62,79.31,24.380000000000003,0.07,0,103.77,-75.11,0.51,AC,MNREGA,2018-19,NA,NA,NA,NA,NA
94 salipur,0,103.19,213.92,54.99,1.85,0,270.76,-167.52,5.32,AC,MNREGA,2018-19,NA,NA,NA,NA,NA
95 mahanga,0,129.57,418.65,165.02,0,0,583.67,-454.13,3.61,AC,MNREGA,2018-19,NA,NA,NA,NA,NA
96 patkura,0,117.65,356.35,176.82,0.16999999999999998,0,533.4,-415.77,2.2,AC,MNREGA,2018-19,NA,NA,NA,NA,NA
97 kendrapara (sc),0,121.75,297.37,76.98,0.8400000000000001,0,375.15999999999997,-253.43,2.15,AC,MNREGA,2018-19,NA,NA,NA,NA,NA
98 aul,0,175.68,539.8100000000001,180.4,0,0,720.19,-544.54,4,AC,MNREGA,2018-19,NA,NA,NA,NA,NA
99 rajanagar,0,294.81,577.74,202.7,1.51,0,782,-487.28000000000003,6.72,AC,MNREGA,2018-19,NA,NA,NA,NA,NA
aska,0,6092.1,4389.11,1695.31,1.6199999999999999,0,6086.06,6.030000000000001,42.01,PC,MNREGA,2018-19,NA,NA,NA,NA,NA
balasore,-43.75,1968.91,1683.9,506.23,10.16,0,2200.25,-231.4,8.7,PC,MNREGA,2018-19,NA,NA,NA,NA,NA
bargarh,79.03,4187.41,4103.59,1290.28,27.169999999999998,0,5421.01,-1233.47,25.98,PC,MNREGA,2018-19,NA,NA,NA,NA,NA
berhampur,3.85,5898.31,4093.05,1933.05,0.5,0,6026.67,-128.43,61.21,PC,MNREGA,2018-19,NA,NA,NA,NA,NA
bhadrak (sc),9.56,2145.54,1994.01,289.33,0.61,0,2283.93,-138.51,32,PC,MNREGA,2018-19,NA,NA,NA,NA,NA
bhubaneswar,-12.3,772.64,652.54,310.3,1.97,0,964.82,-192.11,5.62,PC,MNREGA,2018-19,NA,NA,NA,NA,NA
bolangir,-66.24000000000001,8163.3,6775.38,1483.46,6.99,0,8265.79,-102.58,75.12,PC,MNREGA,2018-19,NA,NA,NA,NA,NA
cuttack,24.57,2449.3,2489.83,965.24,1.35,0,3456.4500000000003,-1007.08,39.16,PC,MNREGA,2018-19,NA,NA,NA,NA,NA
dhenkanal,49.93,4458.89,3556.95,1525.51,15.1,0.01,5097.66,-638.72,50.3,PC,MNREGA,2018-19,NA,NA,NA,NA,NA
jagatsinghpur (sc),48.73,1644.81,1706.96,635.39,8.81,0,2351.12,-706.28,39.15,PC,MNREGA,2018-19,NA,NA,NA,NA,NA
jajpur (sc),-0.03,3844.91,3127.9,1623.1299999999999,3.2399999999999998,0,4754.18,-909.41,29.26,PC,MNREGA,2018-19,NA,NA,NA,NA,NA
kalahandi,-63.58,5852.94,4125.98,1797.82,31.53,0,5955.14,-102.32000000000001,71.56,PC,MNREGA,2018-19,NA,NA,NA,NA,NA
kandhamal,4.470000000000001,8447.3,7078.64,1622.88,8.42,0.49,8710.39,-262.94,84.11,PC,MNREGA,2018-19,NA,NA,NA,NA,NA
kendrapara,0,1260.87,2816.96,992.42,5.82,0,3815.28,-2554.54,28.15,PC,MNREGA,2018-19,NA,NA,NA,NA,NA
keonjhar (st),-262.57,12271.65,8965.52,3900.2400000000002,89.98,0,12955.85,-684.15,51.1,PC,MNREGA,2018-19,NA,NA,NA,NA,NA
koraput (st),-760.1899999999999,14978.17,9825.2,6117.88,199.1,0,16194.05,-1215.86,211.26,PC,MNREGA,2018-19,NA,NA,NA,NA,NA
mayurbhanj (st),0,15779.24,8688.78,7243.1,62.58,0,15994.62,-215.39000000000001,121.51,PC,MNREGA,2018-19,NA,NA,NA,NA,NA
nabarangpur (st),14.979999999999999,8121.87,5726.94,2459.68,52.68,0,8239.28,-117.31,67.88,PC,MNREGA,2018-19,NA,NA,NA,NA,NA
puri,19.520000000000003,2916.42,2632.81,533.86,14.700000000000001,0,3181.32,-265.01,29,PC,MNREGA,2018-19,NA,NA,NA,NA,NA
sambalpur,45.47,6763.25,5105.68,1789.41,19.12,0,6914.2,-150.8,46.34,PC,MNREGA,2018-19,NA,NA,NA,NA,NA
sundargarh (st),0,10555.69,8466.62,2852.03,19.01,0,11337.66,-782.03,94.12,PC,MNREGA,2018-19,NA,NA,NA,NA,NA
1 padampur,27.03,2413.22,2204.43,484.41,44.79,0,2733.65,-320.43,19.49,AC,MNREGA,2019-20,NA,NA,NA,NA,NA
10 biramitrapur (st),-0.03,2450.5299999999997,2116.62,411.91,2.22,0,2530.76,-80.21,83.12,AC,MNREGA,2019-20,NA,NA,NA,NA,NA
100 mahakalapada,0,512.29,659.25,86.83,0.81,0,746.82,-234.5,35.339999999999996,AC,MNREGA,2019-20,NA,NA,NA,NA,NA
101 paradeep,14.229999999999999,20.58,141.2,65.75,2.92,0,209.89,-189.3,2.14,AC,MNREGA,2019-20,NA,NA,NA,NA,NA
102 tirtol (sc),20.150000000000002,99.93,134.69,72.15,4.96,0,211.81,-111.85,2.39,AC,MNREGA,2019-20,NA,NA,NA,NA,NA
103 balikuda- erasama,23.74,71.97999999999999,185.73,83.39,1.59,0,270.69,-198.73,5.92,AC,MNREGA,2019-20,NA,NA,NA,NA,NA
104 jagatsinghpur,-9.319999999999999,72.17,191.57,123.53,0,0,315.12,-242.99,1.6,AC,MNREGA,2019-20,NA,NA,NA,NA,NA
105 kakatpur (sc),-0.02,349.62,329.55,69.19,0,0,398.7,-49.13,9.700000000000001,AC,MNREGA,2019-20,NA,NA,NA,NA,NA
106 nimapara,-0.32,54.95,117.32,42.39,0,0,159.72,-104.74,2.5300000000000002,AC,MNREGA,2019-20,NA,NA,NA,NA,NA
107 puri,-0.01,206.23,209.78,28.22,0,0,238.01,-31.77,4.22,AC,MNREGA,2019-20,NA,NA,NA,NA,NA
108 brahmagiri,-0.44,906.87,873.74,79.21,0,0,952.96,-46.17,23.48,AC,MNREGA,2019-20,NA,NA,NA,NA,NA
109 satyabadi,0,631.47,612.43,88.25,6.76,0,707.44,-76,5.62,AC,MNREGA,2019-20,NA,NA,NA,NA,NA
11 raghunathpali (sc),0,166.89000000000001,114.25,54.11,0.38,0,168.78,-1.8800000000000001,2.13,AC,MNREGA,2019-20,NA,NA,NA,NA,NA
110 pipili,-0.5,50.870000000000005,134.84,126.98,4.7700000000000005,0,266.59000000000003,-215.73,2.37,AC,MNREGA,2019-20,NA,NA,NA,NA,NA
111 jayadev (sc),-11.04,82.87,88.88,36.92,0.27,0,126.07,-43.18,0.98,AC,MNREGA,2019-20,NA,NA,NA,NA,NA
113 bhubaneswar north,1.22,7.0600000000000005,7.93,6.550000000000001,0.060000000000000005,0,14.55,-7.48,0.08,AC,MNREGA,2019-20,NA,NA,NA,NA,NA
114 ekamra- bhubaneswar,1.6400000000000001,2.25,1.03,2.12,0,0,3.17,-0.8900000000000001,0,AC,MNREGA,2019-20,NA,NA,NA,NA,NA
115 jatani,-19.62,67.88,68.49,31.93,0.18,0,100.63,-32.7,0.14,AC,MNREGA,2019-20,NA,NA,NA,NA,NA
116 begunia,1.2599999999999998,586.33,523.51,62.620000000000005,0.11,0,586.27,0.049999999999999836,2.4,AC,MNREGA,2019-20,NA,NA,NA,NA,NA
117 khurda,14.24,291.53000000000003,243.95,40.67,0.27,0,284.86,6.64,2.45,AC,MNREGA,2019-20,NA,NA,NA,NA,NA
118 chilika,4.12,285.29,234.33,51.03,0.14,0,285.54,-0.2400000000000002,2.79,AC,MNREGA,2019-20,NA,NA,NA,NA,NA
119 ranpur,0,460.87,429.93,28.84,0.39,0,459.18,1.75,13.53,AC,MNREGA,2019-20,NA,NA,NA,NA,NA
12 rourkela,0,8.11,6.14,1.73,0.23,0,8.11,0,0,AC,MNREGA,2019-20,NA,NA,NA,NA,NA
120 khandapada,0,1019.84,697.79,329.37,0,0,1027.16,-7.3100000000000005,19.43,AC,MNREGA,2019-20,NA,NA,NA,NA,NA
121 daspalla (sc),0,324.28000000000003,280.06,41.88,1.1700000000000002,0,323.09,1.17,2.95,AC,MNREGA,2019-20,NA,NA,NA,NA,NA
122 nayagarh,0,582.4,529.96,50.84,1.18,0,581.97,0.42,9.709999999999999,AC,MNREGA,2019-20,NA,NA,NA,NA,NA
123 bhanjanagar,3,1721.09,1361.3,357.5,0,0,1718.75,2.3600000000000003,45.980000000000004,AC,MNREGA,2019-20,NA,NA,NA,NA,NA
124 polasara,-0.01,900.03,660.49,237.77,0.02,0,898.26,1.71,14.98,AC,MNREGA,2019-20,NA,NA,NA,NA,NA
125 kabisuryanagar,0,917.76,787.28,129.72,0,0,917,0.77,17.02,AC,MNREGA,2019-20,NA,NA,NA,NA,NA
126 khalikote (sc),0,1305.69,1029.51,274.37,0.45,0,1304.33,1.3800000000000001,16.68,AC,MNREGA,2019-20,NA,NA,NA,NA,NA
127 chhatrapur (sc),0,1112.1,776.49,332.96999999999997,0,0,1109.39,2.6999999999999997,7.62,AC,MNREGA,2019-20,NA,NA,NA,NA,NA
128 aska,0,1199.17,885.93,312.42,0,0,1198.37,0.81,13.75,AC,MNREGA,2019-20,NA,NA,NA,NA,NA
129 surada,-1.36,1740.77,1438.78,304.11,1.2,0,1744.09,-3.32,19.72,AC,MNREGA,2019-20,NA,NA,NA,NA,NA
13 rajgangpur (st),-0.02,1851.35,1452.23,454.23,1.47,0,1907.89,-56.51,46.61,AC,MNREGA,2019-20,NA,NA,NA,NA,NA
130 sanakhemundi,-0.01,2409.44,1758.97,649.62,0,0,2408.63,0.81,26.61,AC,MNREGA,2019-20,NA,NA,NA,NA,NA
131 hinjili,0,1924.94,1483.6,440.49,0.65,0,1924.75,0.16,20.16,AC,MNREGA,2019-20,NA,NA,NA,NA,NA
132 gopalpur,0,785.5799999999999,645.77,141.16,0,0,786.91,-1.3900000000000001,6.27,AC,MNREGA,2019-20,NA,NA,NA,NA,NA
134 digapahandi,0,907.01,749.53,164.57999999999998,0.22,0,914.3,-7.32,12.83,AC,MNREGA,2019-20,NA,NA,NA,NA,NA
135 chikiti,3.85,2010.13,1712.95,292.66,0.12,0,2005.7,4.44,19.38,AC,MNREGA,2019-20,NA,NA,NA,NA,NA
136 mohana (st),-0.22,2463.9700000000003,1751.7,725.89,0,0,2477.56,-13.590000000000002,90.4,AC,MNREGA,2019-20,NA,NA,NA,NA,NA
137 paralakhemundi,0,964.11,826.23,146.07,0.31,0,972.58,-8.44,34.21,AC,MNREGA,2019-20,NA,NA,NA,NA,NA
138 gunupur (st),-224.33,3174.09,1921.04,1420.81,70.01,0,3411.91,-237.81,58.51,AC,MNREGA,2019-20,NA,NA,NA,NA,NA
139 bissam cuttack (st),-217.2,2847.11,1905.1200000000001,1161.2,28.48,0,3094.81,-247.75,90.38,AC,MNREGA,2019-20,NA,NA,NA,NA,NA
14 bonai (st),-0.26,2361.56,1913.71,455.63,1.71,0,2371.08,-9.52,34.39,AC,MNREGA,2019-20,NA,NA,NA,NA,NA
140 rayagada (st),-298.03,2396.7599999999998,1284.3,1427.69,5.33,0,2717.29,-320.59,54.96,AC,MNREGA,2019-20,NA,NA,NA,NA,NA
141 lakshmipur (st),-1.61,3545.36,2264.84,1256.24,57.45,0,3578.61,-33.19,143.85,AC,MNREGA,2019-20,NA,NA,NA,NA,NA
142 kotpad (st),-1.22,2900.96,2124.97,856.14,30.57,0,3011.64,-110.66,26.71,AC,MNREGA,2019-20,NA,NA,NA,NA,NA
143 jeypore,-0.35,1951.75,1342.25,604.5600000000001,1.42,0,1948.21,3.55,14.92,AC,MNREGA,2019-20,NA,NA,NA,NA,NA
144 koraput (sc),-3.62,2086.4900000000002,1717.28,825.96,37.82,0,2581.09,-494.58,31.11,AC,MNREGA,2019-20,NA,NA,NA,NA,NA
145 pottangi (st),-0.27,2663.15,1876.27,746.63,45.62,0,2668.53,-5.41,50.9,AC,MNREGA,2019-20,NA,NA,NA,NA,NA
146 malkangiri (st),57.44,1917.89,1435.37,423.54,1.54,0,1860.42,57.46,31.31,AC,MNREGA,2019-20,NA,NA,NA,NA,NA
147 chitrakonda (st),28.99,1860.36,1509.08,320.66,1.67,0,1831.4,28.99,27.07,AC,MNREGA,2019-20,NA,NA,NA,NA,NA
15 kuchinda (st),17.14,1376.27,1151.16,197.52,7.07,0,1355.75,20.47,13.17,AC,MNREGA,2019-20,NA,NA,NA,NA,NA
16 rengali (sc),7.42,720.61,612.07,108.77,0.04,0,720.89,-0.31999999999999973,13.68,AC,MNREGA,2019-20,NA,NA,NA,NA,NA
18 rairakhol,18.46,1298.72,944.62,331.72,5.79,0,1282.2,16.52,22.13,AC,MNREGA,2019-20,NA,NA,NA,NA,NA
19 deogarh,-27.69,1735.28,1177.81,575.25,1.6800000000000002,0,1754.77,-19.470000000000002,11.68,AC,MNREGA,2019-20,NA,NA,NA,NA,NA
2 bijepur,20.8,1592.9,1398.8,489.64,51.93,0,1940.41,-347.42,12.36,AC,MNREGA,2019-20,NA,NA,NA,NA,NA
20 telkoi (st),-225.41,2038.22,1638.39,624.35,7.22,0,2269.94,-231.79,38.82,AC,MNREGA,2019-20,NA,NA,NA,NA,NA
21 ghasipura,34,1767.96,1582.7,178.57999999999998,8.38,0,1769.65,-1.7199999999999989,12.36,AC,MNREGA,2019-20,NA,NA,NA,NA,NA
22 anandapur (sc),39.830000000000005,1567.5,1311.76,219.97,2.8000000000000003,0,1534.55,32.96,10.06,AC,MNREGA,2019-20,NA,NA,NA,NA,NA
23 patna (st),-215.85999999999999,2774.27,2270.57,750.7,19.43,0,3040.7400000000002,-266.4,12.870000000000001,AC,MNREGA,2019-20,NA,NA,NA,NA,NA
24 keonjhar (st),138.15,1455.05,1119.6200000000001,259.18,3.4,0,1382.2,72.85000000000001,9.92,AC,MNREGA,2019-20,NA,NA,NA,NA,NA
25 champua,-33.660000000000004,752.11,667.5600000000001,169.01,3.55,0,840.09,-87.98,7.52,AC,MNREGA,2019-20,NA,NA,NA,NA,NA
26 jashipur (st),-0.54,2578.05,1701.61,807.57,9.98,0,2516.16,61.870000000000005,22.07,AC,MNREGA,2019-20,NA,NA,NA,NA,NA
27 saraskana (st),-0.02,4615.4,1965.11,2776.93,12.74,0,4754.76,-139.35999999999999,36.1,AC,MNREGA,2019-20,NA,NA,NA,NA,NA
28 rairangpur (st),-0.01,2439.58,1448.57,900.63,12.41,0,2361.55,78.04,15.94,AC,MNREGA,2019-20,NA,NA,NA,NA,NA
29 bangriposi (st),0,2687.28,891.32,1661.29,17.16,0,2569.86,117.41,3.74,AC,MNREGA,2019-20,NA,NA,NA,NA,NA
3 bargarh,-0.06,96.75,507.2,117.01,0.03,0,624.23,-527.49,3.54,AC,MNREGA,2019-20,NA,NA,NA,NA,NA
30 karanjia (st),-0.04,3704.9900000000002,2073.87,1642.61,22.14,0,3738.63,-33.65,33.5,AC,MNREGA,2019-20,NA,NA,NA,NA,NA
31 udala (st),0,4154.5199999999995,2138.94,1985.9,25.83,0,4150.67,3.84,23.36,AC,MNREGA,2019-20,NA,NA,NA,NA,NA
32 badasahi (sc),-0.01,815.63,572.22,233.76,3.4,0,809.38,6.22,5.05,AC,MNREGA,2019-20,NA,NA,NA,NA,NA
33 baripada (st),0,1200.6,764.24,446.79,5.57,0,1216.58,-15.979999999999999,15.06,AC,MNREGA,2019-20,NA,NA,NA,NA,NA
34 morada,-0.02,1051.05,642.03,384.63,2.35,0,1029.09,21.94,7.07,AC,MNREGA,2019-20,NA,NA,NA,NA,NA
35 jaleswar,-61.47,513.72,523.41,97.17999999999999,4.57,0,625.13,-111.39,3.12,AC,MNREGA,2019-20,NA,NA,NA,NA,NA
36 bhograi,-0.16,15.01,23.52,1.4,0.07,0,24.97,-9.97,0.67,AC,MNREGA,2019-20,NA,NA,NA,NA,NA
37 basta,0.06000000000000001,656.21,622.45,108.31,1.96,0,732.69,-76.49,9.73,AC,MNREGA,2019-20,NA,NA,NA,NA,NA
38 balasore,4.65,14.07,11.81,26.240000000000002,0.29000000000000004,0,38.33,-24.26,0.71,AC,MNREGA,2019-20,NA,NA,NA,NA,NA
39 remuna (sc),5.52,15.92,23.9,36.5,0.11000000000000001,0,60.51,-44.589999999999996,0.16,AC,MNREGA,2019-20,NA,NA,NA,NA,NA
4 attabira (sc),13.17,441.82,792.6,159.59,3.32,0,955.51,-513.66,2.5100000000000002,AC,MNREGA,2019-20,NA,NA,NA,NA,NA
40 nilgiri,4.84,219.98,216.66,36.339999999999996,0.53,0,253.51,-33.58,1.1,AC,MNREGA,2019-20,NA,NA,NA,NA,NA
41 soro (sc),7.3,58.78,73.68,27.22,0.28,0,101.17,-42.35,1.46,AC,MNREGA,2019-20,NA,NA,NA,NA,NA
42 simulia,2.29,75.14,62.54,82.76,1.09,0,146.4,-71.26,1.07,AC,MNREGA,2019-20,NA,NA,NA,NA,NA
43 bhandaripokhari,-0.06,441.78000000000003,448.06,13.58,0,0,461.62,-19.86,28.52,AC,MNREGA,2019-20,NA,NA,NA,NA,NA
44 bhadrak,0,614.53,610.81,3.92,0,0,614.74,-0.21000000000000002,30.96,AC,MNREGA,2019-20,NA,NA,NA,NA,NA
45 basudevpur,-0.02,466.76,476.84,39.18,0,0,515.96,-49.19,33.64,AC,MNREGA,2019-20,NA,NA,NA,NA,NA
46 dhamnagar,-1.03,561.9,535.06,33.160000000000004,0.28,0,568.49,-6.619999999999999,29.82,AC,MNREGA,2019-20,NA,NA,NA,NA,NA
47 chandabal,-0.04,784.42,762.95,24.56,0,0,787.49,-3.0700000000000003,33.6,AC,MNREGA,2019-20,NA,NA,NA,NA,NA
48 binjharpur (sc),-0.03,1181.67,975.05,237.77,0.09,0,1212.91,-31.240000000000002,21.28,AC,MNREGA,2019-20,NA,NA,NA,NA,NA
49 bari,0,489.71999999999997,517.63,134.52,0.94,0,653.07,-163.33,13.7,AC,MNREGA,2019-20,NA,NA,NA,NA,NA
5 bhatli,18.06,1361.18,1183.48,305.04,1.71,0,1490.22,-129.04,3.8000000000000003,AC,MNREGA,2019-20,NA,NA,NA,NA,NA
50 barachana,0,163.10999999999999,212.61,105.33,0.07,0,318.01,-154.93,3.29,AC,MNREGA,2019-20,NA,NA,NA,NA,NA
51 dharmasala,0,348.82,328.63,121.68,0.11,0,450.44,-101.64,1.5,AC,MNREGA,2019-20,NA,NA,NA,NA,NA
52 jajpur,-0.07,767.25,737.47,89.58,0.02,0,827.13,-59.83,10.38,AC,MNREGA,2019-20,NA,NA,NA,NA,NA
53 korei,0,549.76,473.88,183.75,0.06,0,657.69,-107.88,14.06,AC,MNREGA,2019-20,NA,NA,NA,NA,NA
54 sukinda,0,404.64,382.45,53.059999999999995,0.78,0,436.27,-31.62,5.75,AC,MNREGA,2019-20,NA,NA,NA,NA,NA
55 dhenkanal,4.08,1678.22,1225.43,579.86,11.2,0,1816.58,-138.32999999999998,22.75,AC,MNREGA,2019-20,NA,NA,NA,NA,NA
56 hindol (sc),11.9,1964.51,1510.02,528.64,6.59,0,2045.32,-80.78,27.04,AC,MNREGA,2019-20,NA,NA,NA,NA,NA
57 kamakhyanagar,11.91,1283.32,852.09,527.08,2.07,0,1381.22,-97.88,27.22,AC,MNREGA,2019-20,NA,NA,NA,NA,NA
58 parjanga,11.16,2038.06,1456.92,651.95,31.33,0,2140.18,-102.11,51.16,AC,MNREGA,2019-20,NA,NA,NA,NA,NA
59 pallahara,5.71,859.6700000000001,658.67,273.19,2.55,0,934.48,-74.75,13.63,AC,MNREGA,2019-20,NA,NA,NA,NA,NA
6 brajarajnagar,0,1172.73,1026.52,190.51,9.63,0,1226.66,-53.94,10.33,AC,MNREGA,2019-20,NA,NA,NA,NA,NA
60 talcher,4.46,78.82,64.92,17.97,0.08,0,82.99,-4.18,1.79,AC,MNREGA,2019-20,NA,NA,NA,NA,NA
61 angul,0.65,104.12,94.92,34.839999999999996,1.4200000000000002,0,131.16,-27.09,1.37,AC,MNREGA,2019-20,NA,NA,NA,NA,NA
62 chhendipada (sc),24.12,275.94,239.01,102.69,0.28,0,341.99,-66.06,4.96,AC,MNREGA,2019-20,NA,NA,NA,NA,NA
63 athamallik,4.67,1049.67,895.3199999999999,163.86,0.52,0,1059.71,-10.03,57.96,AC,MNREGA,2019-20,NA,NA,NA,NA,NA
64 birmaharajpur (sc),0,128.07,77.96,18.5,0,0,96.47,31.57,3.33,AC,MNREGA,2019-20,NA,NA,NA,NA,NA
65 sonepur,0,413.16,347.74,23.69,0.8500000000000001,0,372.25,40.89,17.02,AC,MNREGA,2019-20,NA,NA,NA,NA,NA
66 loisingha (sc),21.09,2136.94,1695.74,433.06,4.78,0,2133.62,3.4399999999999977,25.16,AC,MNREGA,2019-20,NA,NA,NA,NA,NA
67 patnagarh,68.56,3230.09,2822.16,331.73,0.16,0,3154.06,75.99,60.57,AC,MNREGA,2019-20,NA,NA,NA,NA,NA
68 bolangir,23.56,1334.85,1165.51,143.35,0.39,0,1309.23,25.599999999999998,7.33,AC,MNREGA,2019-20,NA,NA,NA,NA,NA
69 titlagarh,-115.65,2430.04,2110.57,461.98,0.87,0,2573.5,-143.51,53.26,AC,MNREGA,2019-20,NA,NA,NA,NA,NA
7 jharsuguda,0,1590.41,1210.83,514.64,24.25,0,1749.72,-159.29,38.33,AC,MNREGA,2019-20,NA,NA,NA,NA,NA
70 kantabanji,-63.84,3035.55,2761,403.27,3.77,0,3168.03,-132.47,56.92,AC,MNREGA,2019-20,NA,NA,NA,NA,NA
71 nuapada,16.43,2201.88,2075.59,141,8.82,0,2225.43,-23.54,45.72,AC,MNREGA,2019-20,NA,NA,NA,NA,NA
72 kharia,-80.01,2604.4,2442.33,250.69,1.05,0,2694.08,-89.67,85.13,AC,MNREGA,2019-20,NA,NA,NA,NA,NA
73 umerkote (st),-23.689999999999998,2027.96,1569.44,504.37,4.14,0,2077.98,-49.980000000000004,50.94,AC,MNREGA,2019-20,NA,NA,NA,NA,NA
74 jharigam (st),-6.449999999999999,3158.33,2406.01,760.6,4.67,0,3171.27,-12.899999999999999,55.35,AC,MNREGA,2019-20,NA,NA,NA,NA,NA
75 nabarangpur (st),13.49,1999.82,1658.21,335.09000000000003,0.03,0,1993.37,6.489999999999999,51.99,AC,MNREGA,2019-20,NA,NA,NA,NA,NA
76 dabugam (st),-54.75,2147.5099999999998,1740.6200000000001,454.15,3.67,0,2198.5099999999998,-50.99,70.35,AC,MNREGA,2019-20,NA,NA,NA,NA,NA
77 lanjigarh (st),0,1191.61,778.95,414.32,7.5200000000000005,0,1200.72,-9.13,76.39,AC,MNREGA,2019-20,NA,NA,NA,NA,NA
78 junagarh,0,727.96,563.02,157.98,1.69,0,722.78,5.170000000000001,16.91,AC,MNREGA,2019-20,NA,NA,NA,NA,NA
79 dharamgarh,0,504.01,287.33,233.5,0.46,0,521.33,-17.27,7.42,AC,MNREGA,2019-20,NA,NA,NA,NA,NA
8 talsara (st),-0.42,3207.62,2479.59,817.45,2.54,0,3299.54,-91.95,45.93,AC,MNREGA,2019-20,NA,NA,NA,NA,NA
80 bhawanipatna (sc),0,689.38,532.4,151.9,2.5300000000000002,0,686.78,2.55,18.95,AC,MNREGA,2019-20,NA,NA,NA,NA,NA
81 narla,0,1671.96,940.8100000000001,775.21,1.49,0,1717.51,-45.54,16.55,AC,MNREGA,2019-20,NA,NA,NA,NA,NA
82 baliguda (st),-0.41000000000000003,1748.81,1350.13,496.59,2.52,0,1849.22,-100.43,38.59,AC,MNREGA,2019-20,NA,NA,NA,NA,NA
83 g. udayagiri (st),-0.36,1762.08,1264.06,604.07,0.47000000000000003,0,1868.6100000000001,-106.57,19.6,AC,MNREGA,2019-20,NA,NA,NA,NA,NA
84 phulbani (st),-0.07,2256.95,1968.97,316.05,0.31,0,2285.37,-28.49,12.6,AC,MNREGA,2019-20,NA,NA,NA,NA,NA
85 kantamal,-10.299999999999999,1197.83,1121.53,173.27,0.59,0,1295.38,-97.52,58.8,AC,MNREGA,2019-20,NA,NA,NA,NA,NA
86 boudh,-10.62,683.52,632.22,98.31,2.1,0,732.59,-49.08,63.35,AC,MNREGA,2019-20,NA,NA,NA,NA,NA
87 baramba,0,319.42,1069.67,373.98,3.14,0,1446.77,-1127.34,30.77,AC,MNREGA,2019-20,NA,NA,NA,NA,NA
88 banki,0,82.32,604.4399999999999,50.03,0.35000000000000003,0,654.81,-572.51,20.86,AC,MNREGA,2019-20,NA,NA,NA,NA,NA
89 athagarh,0,33.43,478.49,62.3,0.08,0,540.85,-507.42,4.7,AC,MNREGA,2019-20,NA,NA,NA,NA,NA
9 sundargarh (st),-0.24,3140.73,2534.71,684.48,4.71,0,3223.92,-83.22,46.97,AC,MNREGA,2019-20,NA,NA,NA,NA,NA
91 choudwar- cuttack,0,0.3,48.67,6.91,0,0,55.57,-55.28,0.01,AC,MNREGA,2019-20,NA,NA,NA,NA,NA
92 niali (sc),0,200.62,226.35,48.12,0.07,0,274.57,-73.91,5.9,AC,MNREGA,2019-20,NA,NA,NA,NA,NA
93 cuttack sadar (sc),0,37,117.33,11.58,0.02,0,128.94,-91.95,2.27,AC,MNREGA,2019-20,NA,NA,NA,NA,NA
94 salipur,0,144.64,315.51,35.14,1.01,0,351.67,-207.02,4.95,AC,MNREGA,2019-20,NA,NA,NA,NA,NA
95 mahanga,0,190.46,608.79,124.21,0,0,732.96,-542.48,15.88,AC,MNREGA,2019-20,NA,NA,NA,NA,NA
96 patkura,0,310.86,382.94,372.21,1.1400000000000001,0,756.3,-445.44,4.46,AC,MNREGA,2019-20,NA,NA,NA,NA,NA
97 kendrapara (sc),0,330.29,404.77,270.18,0.5800000000000001,0,675.53,-345.23,5.87,AC,MNREGA,2019-20,NA,NA,NA,NA,NA
98 aul,0,85.18,1073.77,146.07,0,0,1219.85,-1134.67,16.65,AC,MNREGA,2019-20,NA,NA,NA,NA,NA
99 rajanagar,0,401.92,892.37,322.93,2.15,0,1217.48,-815.6,12.98,AC,MNREGA,2019-20,NA,NA,NA,NA,NA
aska,-1.3800000000000001,10397.8,8044.5599999999995,2348.5,2.32,0,10395.43,2.3200000000000003,128.92,PC,MNREGA,2019-20,NA,NA,NA,NA,NA
balasore,-46.57,2250.54,1993.97,539.73,10.93,0,2544.52,-294.06,20.54,PC,MNREGA,2019-20,NA,NA,NA,NA,NA
bargarh,79,8669.01,8323.86,2260.84,135.66,0,10720.4,-2051.27,90.36,PC,MNREGA,2019-20,NA,NA,NA,NA,NA
berhampur,3.63,8242.9,6462.67,1803.33,0.65,0,8266.44,-23.6,170.71,PC,MNREGA,2019-20,NA,NA,NA,NA,NA
bhadrak (sc),8.44,3003.31,2969.94,224.38,1.6500000000000001,0,3195.87,-192.56,159.07,PC,MNREGA,2019-20,NA,NA,NA,NA,NA
bhubaneswar,-12.3,1037.92,933.79,180.81,0.89,0,1115.55,-77.56,6.05,PC,MNREGA,2019-20,NA,NA,NA,NA,NA
bolangir,-66.28,12708.7,10980.68,1815.58,10.82,0,12807.16,-98.49000000000001,223.59,PC,MNREGA,2019-20,NA,NA,NA,NA,NA
cuttack,0,1492.31,3016.39,834.17,3.59,0,3854.1,-2361.81,78.04,PC,MNREGA,2019-20,NA,NA,NA,NA,NA
dhenkanal,49.87,8006.72,5862.97,2613.53,55.24,0,8531.93,-525.12,144.96,PC,MNREGA,2019-20,NA,NA,NA,NA,NA
jagatsinghpur (sc),48.46,869.85,1326.41,504.52,9.540000000000001,0,1840.5,-970.65,30.18,PC,MNREGA,2019-20,NA,NA,NA,NA,NA
jajpur (sc),-0.1,3904.97,3627.72,925.69,2.07,0,4555.52,-650.47,69.96,PC,MNREGA,2019-20,NA,NA,NA,NA,NA
kalahandi,-63.58,9591.2,7620.43,2124.6,23.560000000000002,0,9768.63,-177.43,267.07,PC,MNREGA,2019-20,NA,NA,NA,NA,NA
kandhamal,-18.759999999999998,9694.56,7978.2699999999995,2087.67,7.16,0,10073.01,-378.56,241.87,PC,MNREGA,2019-20,NA,NA,NA,NA,NA
kendrapara,0,1975.64,4337.4,1357.57,5.69,0,5700.61,-3724.94,96.13,PC,MNREGA,2019-20,NA,NA,NA,NA,NA
keonjhar (st),-262.99,14060.1,10664.47,3844.4,66.92,0,14575.8,-515.73,125.05,PC,MNREGA,2019-20,NA,NA,NA,NA,NA
koraput (st),-745.41,18664.71,12311.1,7443.09,246.13,0,20000.45,-1335.78,444.63,PC,MNREGA,2019-20,NA,NA,NA,NA,NA
mayurbhanj (st),-0.59,18726.48,9551.82,8963.74,86.04,0,18598.67,127.76,123.34,PC,MNREGA,2019-20,NA,NA,NA,NA,NA
nabarangpur (st),13.809999999999999,16012.83,12443.7,3654.55,46.29,0,16144.59,-131.59,313.72,PC,MNREGA,2019-20,NA,NA,NA,NA,NA
puri,3.17,3124,3025.01,453.37,13.24,0,3491.69,-367.74,61.72,PC,MNREGA,2019-20,NA,NA,NA,NA,NA
sambalpur,44.12,6456.49,5019.99,1479.81,15.38,0,6515.31,-58.89,123.58,PC,MNREGA,2019-20,NA,NA,NA,NA,NA
sundargarh (st),-0.97,13186.79,10617.25,2879.54,13.26,0,13510.08,-323.29,259.15,PC,MNREGA,2019-20,NA,NA,NA,NA,NA
1 padampur,NA,NA,NA,NA,NA,NA,NA,NA,NA,AC,PMAGY,2018-19,1388.8,2436.4,16.7,2349,6190.9
10 biramitrapur (st),NA,NA,NA,NA,NA,NA,NA,NA,NA,AC,PMAGY,2018-19,281.1,4158.9,25.7,653.65,5119.35
100 mahakalapada,NA,NA,NA,NA,NA,NA,NA,NA,NA,AC,PMAGY,2018-19,639.5,35.4,21.3,1809.9,2506.1
101 paradeep,NA,NA,NA,NA,NA,NA,NA,NA,NA,AC,PMAGY,2018-19,130,0,1,407.6,538.6
102 tirtol (sc),NA,NA,NA,NA,NA,NA,NA,NA,NA,AC,PMAGY,2018-19,411.8,8.5,62.4,484,966.6999999999999
103 balikuda- erasama,NA,NA,NA,NA,NA,NA,NA,NA,NA,AC,PMAGY,2018-19,635.1,0.6,30.6,1634.9,2301.2
104 jagatsinghpur,NA,NA,NA,NA,NA,NA,NA,NA,NA,AC,PMAGY,2018-19,182,1.7,22.7,291.5,497.9
105 kakatpur (sc),NA,NA,NA,NA,NA,NA,NA,NA,NA,AC,PMAGY,2018-19,418.6,4.8,98.6,857.3,1379.3
106 nimapara,NA,NA,NA,NA,NA,NA,NA,NA,NA,AC,PMAGY,2018-19,501.9,1.5,52.1,1680.8,2236.3
107 puri,NA,NA,NA,NA,NA,NA,NA,NA,NA,AC,PMAGY,2018-19,300.8,1.3,0,674.6,976.7
108 brahmagiri,NA,NA,NA,NA,NA,NA,NA,NA,NA,AC,PMAGY,2018-19,1004.2,16.7,30.1,2441,3492
109 satyabadi,NA,NA,NA,NA,NA,NA,NA,NA,NA,AC,PMAGY,2018-19,389.3,3.4,23.7,2401.6,2818
11 raghunathpali (sc),NA,NA,NA,NA,NA,NA,NA,NA,NA,AC,PMAGY,2018-19,10.95,322.45,5.75,73.05,412.2
110 pipili,NA,NA,NA,NA,NA,NA,NA,NA,NA,AC,PMAGY,2018-19,649.2,17.8,36,1591.3,2294.3
111 jayadev (sc),NA,NA,NA,NA,NA,NA,NA,NA,NA,AC,PMAGY,2018-19,46.5,0,3.5,46.6,96.6
113 bhubaneswar north,NA,NA,NA,NA,NA,NA,NA,NA,NA,AC,PMAGY,2018-19,0.3,0,0,2.4,2.7
114 ekamra- bhubaneswar,NA,NA,NA,NA,NA,NA,NA,NA,NA,AC,PMAGY,2018-19,0.4,0,0,0.3,0.7
115 jatani,NA,NA,NA,NA,NA,NA,NA,NA,NA,AC,PMAGY,2018-19,19.7,21,23.4,227.5,291.59999999999997
116 begunia,NA,NA,NA,NA,NA,NA,NA,NA,NA,AC,PMAGY,2018-19,91.6,130.1,51.4,2086.6,2359.7
117 khurda,NA,NA,NA,NA,NA,NA,NA,NA,NA,AC,PMAGY,2018-19,55.1,26,57.7,1123.4,1262.2
118 chilika,NA,NA,NA,NA,NA,NA,NA,NA,NA,AC,PMAGY,2018-19,69.7,126,8.4,848.9,1053
119 ranpur,NA,NA,NA,NA,NA,NA,NA,NA,NA,AC,PMAGY,2018-19,215.1,151.65,0,1203.75,1570.5
12 rourkela,NA,NA,NA,NA,NA,NA,NA,NA,NA,AC,PMAGY,2018-19,0,0,0,0,0
120 khandapada,NA,NA,NA,NA,NA,NA,NA,NA,NA,AC,PMAGY,2018-19,308.55,87.3,0,1099.3,1495.15
121 daspalla (sc),NA,NA,NA,NA,NA,NA,NA,NA,NA,AC,PMAGY,2018-19,1246.7,1299.9,10.4,1187.35,3744.35
122 nayagarh,NA,NA,NA,NA,NA,NA,NA,NA,NA,AC,PMAGY,2018-19,411,49.3,3.95,1320.3,1784.55
123 bhanjanagar,NA,NA,NA,NA,NA,NA,NA,NA,NA,AC,PMAGY,2018-19,2225.95,722.6,0,1839.4,4787.95
124 polasara,NA,NA,NA,NA,NA,NA,NA,NA,NA,AC,PMAGY,2018-19,278.8,95.75,0.6,788.1,1163.25
125 kabisuryanagar,NA,NA,NA,NA,NA,NA,NA,NA,NA,AC,PMAGY,2018-19,84.85,30.95,0,617.95,733.75
126 khalikote (sc),NA,NA,NA,NA,NA,NA,NA,NA,NA,AC,PMAGY,2018-19,75.5,122.60000000000001,0,465,663.1
127 chhatrapur (sc),NA,NA,NA,NA,NA,NA,NA,NA,NA,AC,PMAGY,2018-19,41.95,0,0,91.25,133.2
128 aska,NA,NA,NA,NA,NA,NA,NA,NA,NA,AC,PMAGY,2018-19,40.95,1.1,0,173.55,215.6
129 surada,NA,NA,NA,NA,NA,NA,NA,NA,NA,AC,PMAGY,2018-19,1095.05,496.95,11.85,1717.6,3321.45
13 rajgangpur (st),NA,NA,NA,NA,NA,NA,NA,NA,NA,AC,PMAGY,2018-19,163.2,3018.05,4.7,208.15,3394.1
130 sanakhemundi,NA,NA,NA,NA,NA,NA,NA,NA,NA,AC,PMAGY,2018-19,287,327.55,0,809.7,1424.25
131 hinjili,NA,NA,NA,NA,NA,NA,NA,NA,NA,AC,PMAGY,2018-19,23.65,4.7,0,116.4,144.75
132 gopalpur,NA,NA,NA,NA,NA,NA,NA,NA,NA,AC,PMAGY,2018-19,24.25,0.55,0,77.4,102.2
134 digapahandi,NA,NA,NA,NA,NA,NA,NA,NA,NA,AC,PMAGY,2018-19,103.55,99.15,0,388.15,590.85
135 chikiti,NA,NA,NA,NA,NA,NA,NA,NA,NA,AC,PMAGY,2018-19,137.2,302.2,0,578.45,1017.85
136 mohana (st),NA,NA,NA,NA,NA,NA,NA,NA,NA,AC,PMAGY,2018-19,48.45,1286,114.85,2048.4,3497.7
137 paralakhemundi,NA,NA,NA,NA,NA,NA,NA,NA,NA,AC,PMAGY,2018-19,68.7,16.3,10.1,1107.35,1202.45
138 gunupur (st),NA,NA,NA,NA,NA,NA,NA,NA,NA,AC,PMAGY,2018-19,144.15,1579.05,157.55,1393.15,3273.9
139 bissam cuttack (st),NA,NA,NA,NA,NA,NA,NA,NA,NA,AC,PMAGY,2018-19,239.65,936.6,12.15,2314.45,3502.85
14 bonai (st),NA,NA,NA,NA,NA,NA,NA,NA,NA,AC,PMAGY,2018-19,283.7,3781.3,13.649999999999999,446.6,4525.25
140 rayagada (st),NA,NA,NA,NA,NA,NA,NA,NA,NA,AC,PMAGY,2018-19,239.5,1793,2.05,1550.05,3584.6
141 lakshmipur (st),NA,NA,NA,NA,NA,NA,NA,NA,NA,AC,PMAGY,2018-19,226.5,1677.1,0.6,234.55,2138.75
142 kotpad (st),NA,NA,NA,NA,NA,NA,NA,NA,NA,AC,PMAGY,2018-19,932.15,3522.5,42.05,721,5217.7
143 jeypore,NA,NA,NA,NA,NA,NA,NA,NA,NA,AC,PMAGY,2018-19,652.15,1678.3,22.9,437.5,2790.85
144 koraput (sc),NA,NA,NA,NA,NA,NA,NA,NA,NA,AC,PMAGY,2018-19,243.75,1240.1,0.3,258.85,1743
145 pottangi (st),NA,NA,NA,NA,NA,NA,NA,NA,NA,AC,PMAGY,2018-19,60.3,525.9,4.55,140.2,730.95
146 malkangiri (st),NA,NA,NA,NA,NA,NA,NA,NA,NA,AC,PMAGY,2018-19,963.1,3499.25,0,358,4820.35
147 chitrakonda (st),NA,NA,NA,NA,NA,NA,NA,NA,NA,AC,PMAGY,2018-19,358.3,2786,0,351.5,3495.8
15 kuchinda (st),NA,NA,NA,NA,NA,NA,NA,NA,NA,AC,PMAGY,2018-19,702.8,3058.85,0,1439.45,5201.1
16 rengali (sc),NA,NA,NA,NA,NA,NA,NA,NA,NA,AC,PMAGY,2018-19,1226.15,1857.5,0,1211.6,4295.25
18 rairakhol,NA,NA,NA,NA,NA,NA,NA,NA,NA,AC,PMAGY,2018-19,917.8,1692.2,0,1609.05,4219.05
19 deogarh,NA,NA,NA,NA,NA,NA,NA,NA,NA,AC,PMAGY,2018-19,875.9,2177.45,10.3,1277.35,4341
2 bijepur,NA,NA,NA,NA,NA,NA,NA,NA,NA,AC,PMAGY,2018-19,1143.7,918.1,0,2512,4573.8
20 telkoi (st),NA,NA,NA,NA,NA,NA,NA,NA,NA,AC,PMAGY,2018-19,541.25,3685.9,0,1087.75,5314.9
21 ghasipura,NA,NA,NA,NA,NA,NA,NA,NA,NA,AC,PMAGY,2018-19,863.85,2951.7,21.5,1261.75,5098.8
22 anandapur (sc),NA,NA,NA,NA,NA,NA,NA,NA,NA,AC,PMAGY,2018-19,1215.3,921.8,0,1194.15,3331.25
23 patna (st),NA,NA,NA,NA,NA,NA,NA,NA,NA,AC,PMAGY,2018-19,557.65,3971.6,4.85,1345.55,5879.65
24 keonjhar (st),NA,NA,NA,NA,NA,NA,NA,NA,NA,AC,PMAGY,2018-19,356.85,2337.25,0,709.05,3403.15
25 champua,NA,NA,NA,NA,NA,NA,NA,NA,NA,AC,PMAGY,2018-19,157.7,1208.9,0,388.84999999999997,1755.45
26 jashipur (st),NA,NA,NA,NA,NA,NA,NA,NA,NA,AC,PMAGY,2018-19,222.35,4083.65,13.95,688.2,5008.15
27 saraskana (st),NA,NA,NA,NA,NA,NA,NA,NA,NA,AC,PMAGY,2018-19,283.85,4593.6,55.449999999999996,773.1,5706
28 rairangpur (st),NA,NA,NA,NA,NA,NA,NA,NA,NA,AC,PMAGY,2018-19,310.35,4225.55,189.95000000000002,794.9,5520.75
29 bangriposi (st),NA,NA,NA,NA,NA,NA,NA,NA,NA,AC,PMAGY,2018-19,307.15,4529.95,2.75,771.8,5611.65
3 bargarh,NA,NA,NA,NA,NA,NA,NA,NA,NA,AC,PMAGY,2018-19,527.2,260.2,7.3,1075.7,1870.4
30 karanjia (st),NA,NA,NA,NA,NA,NA,NA,NA,NA,AC,PMAGY,2018-19,188.1,3826,5.25,537.65,4557
31 udala (st),NA,NA,NA,NA,NA,NA,NA,NA,NA,AC,PMAGY,2018-19,409.25,3882,1.5,756.85,5049.6
32 badasahi (sc),NA,NA,NA,NA,NA,NA,NA,NA,NA,AC,PMAGY,2018-19,564,2534.1,25.7,1173.8,4297.6
33 baripada (st),NA,NA,NA,NA,NA,NA,NA,NA,NA,AC,PMAGY,2018-19,224.95,3676.65,2.1999999999999997,503.5,4407.3
34 morada,NA,NA,NA,NA,NA,NA,NA,NA,NA,AC,PMAGY,2018-19,506.5,3068.55,6.3,1279.9,4861.25
35 jaleswar,NA,NA,NA,NA,NA,NA,NA,NA,NA,AC,PMAGY,2018-19,878,974.8,108.7,1334.5,3296
36 bhograi,NA,NA,NA,NA,NA,NA,NA,NA,NA,AC,PMAGY,2018-19,690.3,128,98.2,1704.7,2621.2
37 basta,NA,NA,NA,NA,NA,NA,NA,NA,NA,AC,PMAGY,2018-19,1062,510.5,91.8,1924.4,3588.7
38 balasore,NA,NA,NA,NA,NA,NA,NA,NA,NA,AC,PMAGY,2018-19,758.7,221.6,68.4,923.6,1972.3
39 remuna (sc),NA,NA,NA,NA,NA,NA,NA,NA,NA,AC,PMAGY,2018-19,1185.6,615.3,43.1,1084.6,2928.6
4 attabira (sc),NA,NA,NA,NA,NA,NA,NA,NA,NA,AC,PMAGY,2018-19,1154.1,1001,1,1562.9,3719
40 nilgiri,NA,NA,NA,NA,NA,NA,NA,NA,NA,AC,PMAGY,2018-19,595.4,1950.9,0.4,1157.8,3704.5
41 soro (sc),NA,NA,NA,NA,NA,NA,NA,NA,NA,AC,PMAGY,2018-19,709.2,173.7,23.200000000000003,1314.4,2220.5
42 simulia,NA,NA,NA,NA,NA,NA,NA,NA,NA,AC,PMAGY,2018-19,1083.4,325.1,48,2275.5,3732
43 bhandaripokhari,NA,NA,NA,NA,NA,NA,NA,NA,NA,AC,PMAGY,2018-19,1032.4,89.3,92,1964.3,3178
44 bhadrak,NA,NA,NA,NA,NA,NA,NA,NA,NA,AC,PMAGY,2018-19,607.7,95,135.3,1403.6,2241.6
45 basudevpur,NA,NA,NA,NA,NA,NA,NA,NA,NA,AC,PMAGY,2018-19,719.8,2.6,81.4,2684.1,3487.9
46 dhamnagar,NA,NA,NA,NA,NA,NA,NA,NA,NA,AC,PMAGY,2018-19,1206.3,12.799999999999999,225.4,2116.4,3560.9
47 chandabal,NA,NA,NA,NA,NA,NA,NA,NA,NA,AC,PMAGY,2018-19,982.3,8.1,68.10000000000001,3196.6,4255.1
48 binjharpur (sc),NA,NA,NA,NA,NA,NA,NA,NA,NA,AC,PMAGY,2018-19,2134.15,0,217.5,1688,4039.65
49 bari,NA,NA,NA,NA,NA,NA,NA,NA,NA,AC,PMAGY,2018-19,1095.75,8.8,87.4,1506.25,2698.2
5 bhatli,NA,NA,NA,NA,NA,NA,NA,NA,NA,AC,PMAGY,2018-19,1479.7,1901.8,1.6,2146.8,5529.9
50 barachana,NA,NA,NA,NA,NA,NA,NA,NA,NA,AC,PMAGY,2018-19,189.9,95.2,55.25,385.95,726.3
51 dharmasala,NA,NA,NA,NA,NA,NA,NA,NA,NA,AC,PMAGY,2018-19,786.4,84.6,15.55,1430.65,2317.2
52 jajpur,NA,NA,NA,NA,NA,NA,NA,NA,NA,AC,PMAGY,2018-19,1383.9,33.7,246.95,1518.4,3182.95
53 korei,NA,NA,NA,NA,NA,NA,NA,NA,NA,AC,PMAGY,2018-19,1096.15,253.5,214.8,1083.65,2648.1
54 sukinda,NA,NA,NA,NA,NA,NA,NA,NA,NA,AC,PMAGY,2018-19,721.35,625.25,6.1,808.35,2161.05
55 dhenkanal,NA,NA,NA,NA,NA,NA,NA,NA,NA,AC,PMAGY,2018-19,828.6,420.7,4,1293,2546.3
56 hindol (sc),NA,NA,NA,NA,NA,NA,NA,NA,NA,AC,PMAGY,2018-19,1273.5,556.8,0,2025.1,3855.4
57 kamakhyanagar,NA,NA,NA,NA,NA,NA,NA,NA,NA,AC,PMAGY,2018-19,892.4,470.6,0.6,1209.4,2573
58 parjanga,NA,NA,NA,NA,NA,NA,NA,NA,NA,AC,PMAGY,2018-19,1048,1536.8,0,2102.1,4686.9
59 pallahara,NA,NA,NA,NA,NA,NA,NA,NA,NA,AC,PMAGY,2018-19,570.6,1159.6,0,687.7,2417.9
6 brajarajnagar,NA,NA,NA,NA,NA,NA,NA,NA,NA,AC,PMAGY,2018-19,901.6,1462.1,2.5,939,3305.2
60 talcher,NA,NA,NA,NA,NA,NA,NA,NA,NA,AC,PMAGY,2018-19,29.8,17.099999999999998,0.7,33.1,80.7
61 angul,NA,NA,NA,NA,NA,NA,NA,NA,NA,AC,PMAGY,2018-19,758.5,262,0,981.9,2002.4
62 chhendipada (sc),NA,NA,NA,NA,NA,NA,NA,NA,NA,AC,PMAGY,2018-19,874.9,298.3,0,1193.5,2366.7
63 athamallik,NA,NA,NA,NA,NA,NA,NA,NA,NA,AC,PMAGY,2018-19,1186.1,1609.7,0.7,1957.8,4754.3
64 birmaharajpur (sc),NA,NA,NA,NA,NA,NA,NA,NA,NA,AC,PMAGY,2018-19,2261.1,661.8,0.6,3073.85,5997.35
65 sonepur,NA,NA,NA,NA,NA,NA,NA,NA,NA,AC,PMAGY,2018-19,2302,891.5,2.1500000000000004,3405.65,6601.3
66 loisingha (sc),NA,NA,NA,NA,NA,NA,NA,NA,NA,AC,PMAGY,2018-19,1885.5,1148.45,12.5,3907.85,6954.3
67 patnagarh,NA,NA,NA,NA,NA,NA,NA,NA,NA,AC,PMAGY,2018-19,1698.7,4424.55,7.95,3479.85,9611.05
68 bolangir,NA,NA,NA,NA,NA,NA,NA,NA,NA,AC,PMAGY,2018-19,1017.2,1363,12.6,1907.65,4300.45
69 titlagarh,NA,NA,NA,NA,NA,NA,NA,NA,NA,AC,PMAGY,2018-19,1443.5,2006.25,12.75,3126.55,6589.05
7 jharsuguda,NA,NA,NA,NA,NA,NA,NA,NA,NA,AC,PMAGY,2018-19,779,2240.3,0,830.2,3849.5
70 kantabanji,NA,NA,NA,NA,NA,NA,NA,NA,NA,AC,PMAGY,2018-19,1830.65,3136.45,2.25,3787.4,8756.75
71 nuapada,NA,NA,NA,NA,NA,NA,NA,NA,NA,AC,PMAGY,2018-19,1197.75,4350.9,35.35,1590.05,7174.05
72 kharia,NA,NA,NA,NA,NA,NA,NA,NA,NA,AC,PMAGY,2018-19,1039.7,3502.4,8.2,2272.65,6822.95
73 umerkote (st),NA,NA,NA,NA,NA,NA,NA,NA,NA,AC,PMAGY,2018-19,670.25,3682.15,0,561.65,4914.05
74 jharigam (st),NA,NA,NA,NA,NA,NA,NA,NA,NA,AC,PMAGY,2018-19,729.65,4555.25,7.85,1938.45,7231.2
75 nabarangpur (st),NA,NA,NA,NA,NA,NA,NA,NA,NA,AC,PMAGY,2018-19,922.1,3786.55,53.1,1011.7,5773.45
76 dabugam (st),NA,NA,NA,NA,NA,NA,NA,NA,NA,AC,PMAGY,2018-19,580.7,3678.75,18.95,936.9,5215.3
77 lanjigarh (st),NA,NA,NA,NA,NA,NA,NA,NA,NA,AC,PMAGY,2018-19,966.75,2776.55,3.15,1065.35,4811.8
78 junagarh,NA,NA,NA,NA,NA,NA,NA,NA,NA,AC,PMAGY,2018-19,648.3,1029.9,0,2117.9,3796.1
79 dharamgarh,NA,NA,NA,NA,NA,NA,NA,NA,NA,AC,PMAGY,2018-19,775.8,1692.1,1.6500000000000001,2568.25,5037.8
8 talsara (st),NA,NA,NA,NA,NA,NA,NA,NA,NA,AC,PMAGY,2018-19,523.5,5272.6,62.150000000000006,610.7,6468.95
80 bhawanipatna (sc),NA,NA,NA,NA,NA,NA,NA,NA,NA,AC,PMAGY,2018-19,638.3000000000001,1148.6,2.5,961,2750.4
81 narla,NA,NA,NA,NA,NA,NA,NA,NA,NA,AC,PMAGY,2018-19,945.05,2075.35,13.35,1862.4,4896.15
82 baliguda (st),NA,NA,NA,NA,NA,NA,NA,NA,NA,AC,PMAGY,2018-19,593.8,1539.3999999999999,37.1,580.05,2750.35
83 g. udayagiri (st),NA,NA,NA,NA,NA,NA,NA,NA,NA,AC,PMAGY,2018-19,262.25,542.35,53.65,311.8,1170.05
84 phulbani (st),NA,NA,NA,NA,NA,NA,NA,NA,NA,AC,PMAGY,2018-19,955.3,1698.8,0.3,617.2,3271.6
85 kantamal,NA,NA,NA,NA,NA,NA,NA,NA,NA,AC,PMAGY,2018-19,1469.6,791.4,0.4,2794.5,5055.9
86 boudh,NA,NA,NA,NA,NA,NA,NA,NA,NA,AC,PMAGY,2018-19,1700.3,668.4,3.0999999999999996,2195.1,4566.9
87 baramba,NA,NA,NA,NA,NA,NA,NA,NA,NA,AC,PMAGY,2018-19,1076.4,238.2,11.6,2363.2,3689.4
88 banki,NA,NA,NA,NA,NA,NA,NA,NA,NA,AC,PMAGY,2018-19,318.5,170.9,0.7,1842.4,2332.5
89 athagarh,NA,NA,NA,NA,NA,NA,NA,NA,NA,AC,PMAGY,2018-19,140.4,199.6,13.1,1452.7,1805.8
9 sundargarh (st),NA,NA,NA,NA,NA,NA,NA,NA,NA,AC,PMAGY,2018-19,850.8,3070.55,3.3000000000000003,845.35,4770
91 choudwar- cuttack,NA,NA,NA,NA,NA,NA,NA,NA,NA,AC,PMAGY,2018-19,6.3,7.9,0,78.9,93.10000000000001
92 niali (sc),NA,NA,NA,NA,NA,NA,NA,NA,NA,AC,PMAGY,2018-19,350.4,9.5,61.5,593.4,1014.8
93 cuttack sadar (sc),NA,NA,NA,NA,NA,NA,NA,NA,NA,AC,PMAGY,2018-19,174.1,4.1,29.599999999999998,336.3,544.1
94 salipur,NA,NA,NA,NA,NA,NA,NA,NA,NA,AC,PMAGY,2018-19,381,93.3,199.8,989,1663.1
95 mahanga,NA,NA,NA,NA,NA,NA,NA,NA,NA,AC,PMAGY,2018-19,511.9,8,291.5,2145.7,2957.1
96 patkura,NA,NA,NA,NA,NA,NA,NA,NA,NA,AC,PMAGY,2018-19,458.4,10.4,53.6,943.3,1465.7
97 kendrapara (sc),NA,NA,NA,NA,NA,NA,NA,NA,NA,AC,PMAGY,2018-19,623.1,3.6,84.9,1066.7,1778.3
98 aul,NA,NA,NA,NA,NA,NA,NA,NA,NA,AC,PMAGY,2018-19,1045.5,0,134.4,2630.8,3810.7
99 rajanagar,NA,NA,NA,NA,NA,NA,NA,NA,NA,AC,PMAGY,2018-19,569.6,22.099999999999998,30.8,2513.4,3135.9
aska,NA,NA,NA,NA,NA,NA,NA,NA,NA,PC,PMAGY,2018-19,1885.8,1079.6,12.45,4688.3,7666.15
balasore,NA,NA,NA,NA,NA,NA,NA,NA,NA,PC,PMAGY,2018-19,5734,6935.2,436.3,9303.4,22408.9
bargarh,NA,NA,NA,NA,NA,NA,NA,NA,NA,PC,PMAGY,2018-19,7374.1,10219.9,29.1,11415.6,29038.7
berhampur,NA,NA,NA,NA,NA,NA,NA,NA,NA,PC,PMAGY,2018-19,424.1,1704.2,124.95,4291,6544.25
bhadrak (sc),NA,NA,NA,NA,NA,NA,NA,NA,NA,PC,PMAGY,2018-19,6341.1,706.6,673.4,14954.9,22676
bhubaneswar,NA,NA,NA,NA,NA,NA,NA,NA,NA,PC,PMAGY,2018-19,213.6,177.1,136,3486.8,4013.5
bolangir,NA,NA,NA,NA,NA,NA,NA,NA,NA,PC,PMAGY,2018-19,12438.65,13632,50.8,22688.8,48810.25
cuttack,NA,NA,NA,NA,NA,NA,NA,NA,NA,PC,PMAGY,2018-19,2024.25,708,55,7172.8,9960.05
dhenkanal,NA,NA,NA,NA,NA,NA,NA,NA,NA,PC,PMAGY,2018-19,5401.4,4423.6,5.3,8332.3,18162.6
jagatsinghpur (sc),NA,NA,NA,NA,NA,NA,NA,NA,NA,PC,PMAGY,2018-19,2629.8,26.6,328.9,5949.5,8934.8
jajpur (sc),NA,NA,NA,NA,NA,NA,NA,NA,NA,PC,PMAGY,2018-19,7407.6,1101.05,843.55,8421.25,17773.45
kalahandi,NA,NA,NA,NA,NA,NA,NA,NA,NA,PC,PMAGY,2018-19,6211.65,16575.8,64.2,12437.6,35289.25
kandhamal,NA,NA,NA,NA,NA,NA,NA,NA,NA,PC,PMAGY,2018-19,8453.9,7262.85,104.95,9525.4,25347.1
kendrapara,NA,NA,NA,NA,NA,NA,NA,NA,NA,PC,PMAGY,2018-19,4229,172.79999999999998,816.3,12098.8,17316.9
keonjhar (st),NA,NA,NA,NA,NA,NA,NA,NA,NA,PC,PMAGY,2018-19,3880.7,18903.15,31.6,6524.75,29340.2
koraput (st),NA,NA,NA,NA,NA,NA,NA,NA,NA,PC,PMAGY,2018-19,1806,9430.05,200.1,6328.75,17764.9
mayurbhanj (st),NA,NA,NA,NA,NA,NA,NA,NA,NA,PC,PMAGY,2018-19,2264.4,28059.95,272.1,5568.25,36164.7
nabarangpur (st),NA,NA,NA,NA,NA,NA,NA,NA,NA,PC,PMAGY,2018-19,5156.25,25510.45,121.95,5879.2,36667.85
puri,NA,NA,NA,NA,NA,NA,NA,NA,NA,PC,PMAGY,2018-19,3039.3,366.15,102.15,10481.45,13989.05
sambalpur,NA,NA,NA,NA,NA,NA,NA,NA,NA,PC,PMAGY,2018-19,5783.65,10694,11,8688.75,25177.4
sundargarh (st),NA,NA,NA,NA,NA,NA,NA,NA,NA,PC,PMAGY,2018-19,2113.25,19623.85,115.25,2837.5,24689.85
1 padampur,NA,NA,NA,NA,NA,NA,NA,NA,NA,AC,PMAGY,2019-20,1866.1,4773.9,4.3,2314.1,8958.4
10 biramitrapur (st),NA,NA,NA,NA,NA,NA,NA,NA,NA,AC,PMAGY,2019-20,537.5,7216.95,35.05,2335.6,10125.1
100 mahakalapada,NA,NA,NA,NA,NA,NA,NA,NA,NA,AC,PMAGY,2019-20,713.2,43.7,19.700000000000003,3197.7,3974.3
101 paradeep,NA,NA,NA,NA,NA,NA,NA,NA,NA,AC,PMAGY,2019-20,41.7,5.2,0.4,575.3,622.6
102 tirtol (sc),NA,NA,NA,NA,NA,NA,NA,NA,NA,AC,PMAGY,2019-20,196.8,4.5,158.3,966.4,1326
103 balikuda- erasama,NA,NA,NA,NA,NA,NA,NA,NA,NA,AC,PMAGY,2019-20,465.9,3.4000000000000004,32.3,2933.2,3434.7999999999997
104 jagatsinghpur,NA,NA,NA,NA,NA,NA,NA,NA,NA,AC,PMAGY,2019-20,60.8,0,59.3,547.7,667.8
105 kakatpur (sc),NA,NA,NA,NA,NA,NA,NA,NA,NA,AC,PMAGY,2019-20,222.9,3,81.89999999999999,738.1,1045.9
106 nimapara,NA,NA,NA,NA,NA,NA,NA,NA,NA,AC,PMAGY,2019-20,303.7,0,28.099999999999998,859.1,1190.9
107 puri,NA,NA,NA,NA,NA,NA,NA,NA,NA,AC,PMAGY,2019-20,152.29999999999998,0.3,0,705.7,858.3
108 brahmagiri,NA,NA,NA,NA,NA,NA,NA,NA,NA,AC,PMAGY,2019-20,590.3,17.1,77.60000000000001,2775.4,3460.4
109 satyabadi,NA,NA,NA,NA,NA,NA,NA,NA,NA,AC,PMAGY,2019-20,217.3,6.7,9.1,2498.4,2731.5
11 raghunathpali (sc),NA,NA,NA,NA,NA,NA,NA,NA,NA,AC,PMAGY,2019-20,6.15,151.5,0.3,51.2,209.15
110 pipili,NA,NA,NA,NA,NA,NA,NA,NA,NA,AC,PMAGY,2019-20,157.8,3.5,13.4,1007.7,1182.4
111 jayadev (sc),NA,NA,NA,NA,NA,NA,NA,NA,NA,AC,PMAGY,2019-20,11.4,0,3.5,20.7,35.6
113 bhubaneswar north,NA,NA,NA,NA,NA,NA,NA,NA,NA,AC,PMAGY,2019-20,0,0,0,1.2999999999999998,1.2999999999999998
114 ekamra- bhubaneswar,NA,NA,NA,NA,NA,NA,NA,NA,NA,AC,PMAGY,2019-20,0.3,0,0,0.7,1
115 jatani,NA,NA,NA,NA,NA,NA,NA,NA,NA,AC,PMAGY,2019-20,6.3,7.7,17.2,139.7,170.9
116 begunia,NA,NA,NA,NA,NA,NA,NA,NA,NA,AC,PMAGY,2019-20,24.3,47.2,37.5,1846.6,1955.8
117 khurda,NA,NA,NA,NA,NA,NA,NA,NA,NA,AC,PMAGY,2019-20,42,39.1,39,849,969.1
118 chilika,NA,NA,NA,NA,NA,NA,NA,NA,NA,AC,PMAGY,2019-20,17.5,116.10000000000001,3.5,203.5,340.6
119 ranpur,NA,NA,NA,NA,NA,NA,NA,NA,NA,AC,PMAGY,2019-20,107.65,166.55,0,2026.65,2300.85
12 rourkela,NA,NA,NA,NA,NA,NA,NA,NA,NA,AC,PMAGY,2019-20,0,0,0,0,0
120 khandapada,NA,NA,NA,NA,NA,NA,NA,NA,NA,AC,PMAGY,2019-20,132.9,120.5,0,2317.2,2570.6
121 daspalla (sc),NA,NA,NA,NA,NA,NA,NA,NA,NA,AC,PMAGY,2019-20,432.2,771.45,0.95,2282.45,3487.05
122 nayagarh,NA,NA,NA,NA,NA,NA,NA,NA,NA,AC,PMAGY,2019-20,150.35,32.9,1.05,2453.05,2637.35
123 bhanjanagar,NA,NA,NA,NA,NA,NA,NA,NA,NA,AC,PMAGY,2019-20,672.75,471.85,0,2647.65,3792.25
124 polasara,NA,NA,NA,NA,NA,NA,NA,NA,NA,AC,PMAGY,2019-20,119.1,77.75,0.3,550.6,747.75
125 kabisuryanagar,NA,NA,NA,NA,NA,NA,NA,NA,NA,AC,PMAGY,2019-20,54.800000000000004,16.5,0,465.7,537
126 khalikote (sc),NA,NA,NA,NA,NA,NA,NA,NA,NA,AC,PMAGY,2019-20,29.8,23,0,513.3,566.1
127 chhatrapur (sc),NA,NA,NA,NA,NA,NA,NA,NA,NA,AC,PMAGY,2019-20,7.55,0,0,15.450000000000001,23
128 aska,NA,NA,NA,NA,NA,NA,NA,NA,NA,AC,PMAGY,2019-20,16.5,1,0,146,163.5
129 surada,NA,NA,NA,NA,NA,NA,NA,NA,NA,AC,PMAGY,2019-20,350.3,242,7.449999999999999,2229.3,2829.05
13 rajgangpur (st),NA,NA,NA,NA,NA,NA,NA,NA,NA,AC,PMAGY,2019-20,132.25,2824.95,4.3,453.65,3415.15
130 sanakhemundi,NA,NA,NA,NA,NA,NA,NA,NA,NA,AC,PMAGY,2019-20,86.2,124.75,0,757.8,968.75
131 hinjili,NA,NA,NA,NA,NA,NA,NA,NA,NA,AC,PMAGY,2019-20,16.55,4.300000000000001,0,58.5,79.35
132 gopalpur,NA,NA,NA,NA,NA,NA,NA,NA,NA,AC,PMAGY,2019-20,8.25,0.75,0,28.05,37.05
134 digapahandi,NA,NA,NA,NA,NA,NA,NA,NA,NA,AC,PMAGY,2019-20,27.9,38.6,0,259.95,326.45
135 chikiti,NA,NA,NA,NA,NA,NA,NA,NA,NA,AC,PMAGY,2019-20,59.25,161.65,0,393.2,614.1
136 mohana (st),NA,NA,NA,NA,NA,NA,NA,NA,NA,AC,PMAGY,2019-20,34.75,770.8000000000001,97.2,1574.6,2477.35
137 paralakhemundi,NA,NA,NA,NA,NA,NA,NA,NA,NA,AC,PMAGY,2019-20,50.1,19.1,23.8,966.05,1059.05
138 gunupur (st),NA,NA,NA,NA,NA,NA,NA,NA,NA,AC,PMAGY,2019-20,117.7,978.7,182.4,2096.95,3375.75
139 bissam cuttack (st),NA,NA,NA,NA,NA,NA,NA,NA,NA,AC,PMAGY,2019-20,266.4,1423.7,6.9,2640,4337
14 bonai (st),NA,NA,NA,NA,NA,NA,NA,NA,NA,AC,PMAGY,2019-20,482.45,6986,2.8,1381.25,8852.5
140 rayagada (st),NA,NA,NA,NA,NA,NA,NA,NA,NA,AC,PMAGY,2019-20,336,1998.3,2.75,1406.15,3743.2000000000003
141 lakshmipur (st),NA,NA,NA,NA,NA,NA,NA,NA,NA,AC,PMAGY,2019-20,426,3183.95,0,756.8,4366.75
142 kotpad (st),NA,NA,NA,NA,NA,NA,NA,NA,NA,AC,PMAGY,2019-20,1263.85,4200.95,4.05,1876.65,7345.5
143 jeypore,NA,NA,NA,NA,NA,NA,NA,NA,NA,AC,PMAGY,2019-20,762.7,2295.5,6.75,1091.55,4156.5
144 koraput (sc),NA,NA,NA,NA,NA,NA,NA,NA,NA,AC,PMAGY,2019-20,417.35,1470.85,0,1076.45,2964.65
145 pottangi (st),NA,NA,NA,NA,NA,NA,NA,NA,NA,AC,PMAGY,2019-20,65.1,307.35,1.2,229.2,602.85
146 malkangiri (st),NA,NA,NA,NA,NA,NA,NA,NA,NA,AC,PMAGY,2019-20,269.1,1489.65,0.6,331.05,2090.4
147 chitrakonda (st),NA,NA,NA,NA,NA,NA,NA,NA,NA,AC,PMAGY,2019-20,281.35,1809.95,0,552.35,2643.65
15 kuchinda (st),NA,NA,NA,NA,NA,NA,NA,NA,NA,AC,PMAGY,2019-20,132.45,1235.65,2.4,1191.95,2562.45
16 rengali (sc),NA,NA,NA,NA,NA,NA,NA,NA,NA,AC,PMAGY,2019-20,283.1,1494.05,0,1387.5,3164.65
18 rairakhol,NA,NA,NA,NA,NA,NA,NA,NA,NA,AC,PMAGY,2019-20,135.15,1135.65,0,1496.35,2767.15
19 deogarh,NA,NA,NA,NA,NA,NA,NA,NA,NA,AC,PMAGY,2019-20,710.7,1810.95,23.25,2395.6,4940.5
2 bijepur,NA,NA,NA,NA,NA,NA,NA,NA,NA,AC,PMAGY,2019-20,945.5,989.6,0,2267.8,4202.9
20 telkoi (st),NA,NA,NA,NA,NA,NA,NA,NA,NA,AC,PMAGY,2019-20,836.4,6096.85,0,1726.05,8659.3
21 ghasipura,NA,NA,NA,NA,NA,NA,NA,NA,NA,AC,PMAGY,2019-20,1763.65,4119.05,11.75,2029.15,7923.6
22 anandapur (sc),NA,NA,NA,NA,NA,NA,NA,NA,NA,AC,PMAGY,2019-20,1350.85,2082.7,0,1346.55,4780.1
23 patna (st),NA,NA,NA,NA,NA,NA,NA,NA,NA,AC,PMAGY,2019-20,139.95,3309.95,0.6,1355.45,4805.95
24 keonjhar (st),NA,NA,NA,NA,NA,NA,NA,NA,NA,AC,PMAGY,2019-20,440.6,4438.15,0,930.7,5809.45
25 champua,NA,NA,NA,NA,NA,NA,NA,NA,NA,AC,PMAGY,2019-20,77.7,1740.85,1.3,674.65,2494.5
26 jashipur (st),NA,NA,NA,NA,NA,NA,NA,NA,NA,AC,PMAGY,2019-20,326.05,5250.55,2.1,964.25,6542.95
27 saraskana (st),NA,NA,NA,NA,NA,NA,NA,NA,NA,AC,PMAGY,2019-20,530.05,7038.9,6.050000000000001,1344.3,8919.3
28 rairangpur (st),NA,NA,NA,NA,NA,NA,NA,NA,NA,AC,PMAGY,2019-20,546.85,6590.25,29.8,1597.15,8764.05
29 bangriposi (st),NA,NA,NA,NA,NA,NA,NA,NA,NA,AC,PMAGY,2019-20,422.6,7689.25,0.3,1335.05,9447.2
3 bargarh,NA,NA,NA,NA,NA,NA,NA,NA,NA,AC,PMAGY,2019-20,581.6,193.7,1.9000000000000001,1054.2,1831.4
30 karanjia (st),NA,NA,NA,NA,NA,NA,NA,NA,NA,AC,PMAGY,2019-20,240.85,6209.55,7.2,924.75,7382.35
31 udala (st),NA,NA,NA,NA,NA,NA,NA,NA,NA,AC,PMAGY,2019-20,943.05,6140.35,0.8,1279.9,8364.1
32 badasahi (sc),NA,NA,NA,NA,NA,NA,NA,NA,NA,AC,PMAGY,2019-20,1434.85,4218.25,27.8,1400.95,7081.85
33 baripada (st),NA,NA,NA,NA,NA,NA,NA,NA,NA,AC,PMAGY,2019-20,185.65,4869.55,0,756.4,5811.6
34 morada,NA,NA,NA,NA,NA,NA,NA,NA,NA,AC,PMAGY,2019-20,849.3,4409.75,2.3000000000000003,2434.2,7695.55
35 jaleswar,NA,NA,NA,NA,NA,NA,NA,NA,NA,AC,PMAGY,2019-20,1360,1485.5,205.4,1201.2,4252.1
36 bhograi,NA,NA,NA,NA,NA,NA,NA,NA,NA,AC,PMAGY,2019-20,1124.4,128.9,96.39999999999999,1491.8,2841.5
37 basta,NA,NA,NA,NA,NA,NA,NA,NA,NA,AC,PMAGY,2019-20,1538.1,668.6,131.1,1833.4,4171.2
38 balasore,NA,NA,NA,NA,NA,NA,NA,NA,NA,AC,PMAGY,2019-20,822.4,212.9,20.1,886.8,1942.2
39 remuna (sc),NA,NA,NA,NA,NA,NA,NA,NA,NA,AC,PMAGY,2019-20,978.9,447.8,14.600000000000001,1053.6,2494.9
4 attabira (sc),NA,NA,NA,NA,NA,NA,NA,NA,NA,AC,PMAGY,2019-20,742.3,577,0.4,1088.9,2408.6
40 nilgiri,NA,NA,NA,NA,NA,NA,NA,NA,NA,AC,PMAGY,2019-20,720.7,3583,0.3,1149,5453
41 soro (sc),NA,NA,NA,NA,NA,NA,NA,NA,NA,AC,PMAGY,2019-20,848,137.6,14,1306.3,2305.9
42 simulia,NA,NA,NA,NA,NA,NA,NA,NA,NA,AC,PMAGY,2019-20,1140.3,277.7,27.900000000000002,2004.8,3450.7
43 bhandaripokhari,NA,NA,NA,NA,NA,NA,NA,NA,NA,AC,PMAGY,2019-20,1016.7,159.4,61.8,3025,4262.9
44 bhadrak,NA,NA,NA,NA,NA,NA,NA,NA,NA,AC,PMAGY,2019-20,811.8,218,234,2407.8,3671.6
45 basudevpur,NA,NA,NA,NA,NA,NA,NA,NA,NA,AC,PMAGY,2019-20,573.6,3.3,16.900000000000002,3832.7,4426.5
46 dhamnagar,NA,NA,NA,NA,NA,NA,NA,NA,NA,AC,PMAGY,2019-20,1179,34.7,117.9,3591.8,4923.4
47 chandabal,NA,NA,NA,NA,NA,NA,NA,NA,NA,AC,PMAGY,2019-20,849.9,8.299999999999999,48.1,4248.7,5155
48 binjharpur (sc),NA,NA,NA,NA,NA,NA,NA,NA,NA,AC,PMAGY,2019-20,2418.6,0.75,58.65,2927.15,5405.15
49 bari,NA,NA,NA,NA,NA,NA,NA,NA,NA,AC,PMAGY,2019-20,821.15,6.1000000000000005,26.55,1920.05,2773.85
5 bhatli,NA,NA,NA,NA,NA,NA,NA,NA,NA,AC,PMAGY,2019-20,1319.4,1494.1,0.7,1719,4533.2
50 barachana,NA,NA,NA,NA,NA,NA,NA,NA,NA,AC,PMAGY,2019-20,70.65,98,21,135.55,325.2
51 dharmasala,NA,NA,NA,NA,NA,NA,NA,NA,NA,AC,PMAGY,2019-20,166.55,28.6,0.6,717.6,913.35
52 jajpur,NA,NA,NA,NA,NA,NA,NA,NA,NA,AC,PMAGY,2019-20,792.85,16.55,205.45000000000002,1986.75,3001.6
53 korei,NA,NA,NA,NA,NA,NA,NA,NA,NA,AC,PMAGY,2019-20,579.75,137.75,69.4,1159.75,1946.65
54 sukinda,NA,NA,NA,NA,NA,NA,NA,NA,NA,AC,PMAGY,2019-20,202.65,646.55,1.05,490.65,1340.9
55 dhenkanal,NA,NA,NA,NA,NA,NA,NA,NA,NA,AC,PMAGY,2019-20,634.8,277.1,0.4,1827,2739.3
56 hindol (sc),NA,NA,NA,NA,NA,NA,NA,NA,NA,AC,PMAGY,2019-20,1525.2,397.2,0,1929.6,3852
57 kamakhyanagar,NA,NA,NA,NA,NA,NA,NA,NA,NA,AC,PMAGY,2019-20,1014.7,311.7,0,1742.5,3068.9
58 parjanga,NA,NA,NA,NA,NA,NA,NA,NA,NA,AC,PMAGY,2019-20,1475,1718.2,0,2759.6,5952.8
59 pallahara,NA,NA,NA,NA,NA,NA,NA,NA,NA,AC,PMAGY,2019-20,657.7,1857.3999999999999,0,690.5,3205.6
6 brajarajnagar,NA,NA,NA,NA,NA,NA,NA,NA,NA,AC,PMAGY,2019-20,1439.2,2129.4,0.8999999999999999,2578.2,6147.7
60 talcher,NA,NA,NA,NA,NA,NA,NA,NA,NA,AC,PMAGY,2019-20,12.4,20.8,0,8.799999999999999,42
61 angul,NA,NA,NA,NA,NA,NA,NA,NA,NA,AC,PMAGY,2019-20,475.4,162.8,0,821.5,1459.7
62 chhendipada (sc),NA,NA,NA,NA,NA,NA,NA,NA,NA,AC,PMAGY,2019-20,278.09999999999997,130,0,610,1018.1
63 athamallik,NA,NA,NA,NA,NA,NA,NA,NA,NA,AC,PMAGY,2019-20,872.7,1732.9,2.4,1701.1,4309.1
64 birmaharajpur (sc),NA,NA,NA,NA,NA,NA,NA,NA,NA,AC,PMAGY,2019-20,2701,918.1,10.4,4889.5,8519
65 sonepur,NA,NA,NA,NA,NA,NA,NA,NA,NA,AC,PMAGY,2019-20,3114.55,1296.25,1.3,6552.7,10964.8
66 loisingha (sc),NA,NA,NA,NA,NA,NA,NA,NA,NA,AC,PMAGY,2019-20,1793.85,1095.85,14.950000000000001,3817.85,6722.5
67 patnagarh,NA,NA,NA,NA,NA,NA,NA,NA,NA,AC,PMAGY,2019-20,1898.1,5057.25,8.05,3418.8,10382.2
68 bolangir,NA,NA,NA,NA,NA,NA,NA,NA,NA,AC,PMAGY,2019-20,1236.4,1412.05,8.2,1923.7,4580.35
69 titlagarh,NA,NA,NA,NA,NA,NA,NA,NA,NA,AC,PMAGY,2019-20,1802.1,2749.1,10.9,3388.8,7950.9
7 jharsuguda,NA,NA,NA,NA,NA,NA,NA,NA,NA,AC,PMAGY,2019-20,909,2672.7,0,1865.3,5447
70 kantabanji,NA,NA,NA,NA,NA,NA,NA,NA,NA,AC,PMAGY,2019-20,2149.85,3913.2000000000003,0.3,3798,9861.35
71 nuapada,NA,NA,NA,NA,NA,NA,NA,NA,NA,AC,PMAGY,2019-20,1495.5,4008.6,17.55,1574.65,7096.3
72 kharia,NA,NA,NA,NA,NA,NA,NA,NA,NA,AC,PMAGY,2019-20,938.35,2442.3,2.6,2299,5682.25
73 umerkote (st),NA,NA,NA,NA,NA,NA,NA,NA,NA,AC,PMAGY,2019-20,1024.3,4218.4,0,818.95,6061.65
74 jharigam (st),NA,NA,NA,NA,NA,NA,NA,NA,NA,AC,PMAGY,2019-20,1154.1,6273.3,16.799999999999997,2483.85,9928.05
75 nabarangpur (st),NA,NA,NA,NA,NA,NA,NA,NA,NA,AC,PMAGY,2019-20,1324.75,5533.6,70.5,1656.4,8585.25
76 dabugam (st),NA,NA,NA,NA,NA,NA,NA,NA,NA,AC,PMAGY,2019-20,860.7,4802.75,22.900000000000002,1342.4,7028.75
77 lanjigarh (st),NA,NA,NA,NA,NA,NA,NA,NA,NA,AC,PMAGY,2019-20,2094.05,5744.35,0.45,1517.6,9356.45
78 junagarh,NA,NA,NA,NA,NA,NA,NA,NA,NA,AC,PMAGY,2019-20,902.9,1733.25,0,2251.15,4887.3
79 dharamgarh,NA,NA,NA,NA,NA,NA,NA,NA,NA,AC,PMAGY,2019-20,1112.15,2688.3,1.3,2813.8,6615.55
8 talsara (st),NA,NA,NA,NA,NA,NA,NA,NA,NA,AC,PMAGY,2019-20,943.55,6863.4,43.449999999999996,2116.75,9967.15
80 bhawanipatna (sc),NA,NA,NA,NA,NA,NA,NA,NA,NA,AC,PMAGY,2019-20,613.15,1688.65,2.6,1258.15,3562.55
81 narla,NA,NA,NA,NA,NA,NA,NA,NA,NA,AC,PMAGY,2019-20,955.2,2036.55,7.9,2190.15,5189.8
82 baliguda (st),NA,NA,NA,NA,NA,NA,NA,NA,NA,AC,PMAGY,2019-20,657.9,722.8,73.2,2021.2,3475.1
83 g. udayagiri (st),NA,NA,NA,NA,NA,NA,NA,NA,NA,AC,PMAGY,2019-20,227.75,87.45,40.45,585.35,941
84 phulbani (st),NA,NA,NA,NA,NA,NA,NA,NA,NA,AC,PMAGY,2019-20,1002.9,917.45,2,1886.1499999999999,3808.5
85 kantamal,NA,NA,NA,NA,NA,NA,NA,NA,NA,AC,PMAGY,2019-20,1653.3,988.2,0.3,4325.5,6967.3
86 boudh,NA,NA,NA,NA,NA,NA,NA,NA,NA,AC,PMAGY,2019-20,2083.7,995.5,1.7000000000000002,3554.5,6635.4
87 baramba,NA,NA,NA,NA,NA,NA,NA,NA,NA,AC,PMAGY,2019-20,526.5,181.5,6.2,3903.2,4617.4
88 banki,NA,NA,NA,NA,NA,NA,NA,NA,NA,AC,PMAGY,2019-20,92.3,156.9,0,2017.7,2266.9
89 athagarh,NA,NA,NA,NA,NA,NA,NA,NA,NA,AC,PMAGY,2019-20,80.8,200.1,5.4,2286.5,2572.8
9 sundargarh (st),NA,NA,NA,NA,NA,NA,NA,NA,NA,AC,PMAGY,2019-20,1169.95,2370.15,0,2864.4,6404.5
91 choudwar- cuttack,NA,NA,NA,NA,NA,NA,NA,NA,NA,AC,PMAGY,2019-20,0.6,4,0.2,61.50000000000001,66.3
92 niali (sc),NA,NA,NA,NA,NA,NA,NA,NA,NA,AC,PMAGY,2019-20,60.8,4.7,9.2,111.4,186.1
93 cuttack sadar (sc),NA,NA,NA,NA,NA,NA,NA,NA,NA,AC,PMAGY,2019-20,39,1.2999999999999998,5.1,157.9,203.3
94 salipur,NA,NA,NA,NA,NA,NA,NA,NA,NA,AC,PMAGY,2019-20,79.2,94.6,43.8,482,699.6
95 mahanga,NA,NA,NA,NA,NA,NA,NA,NA,NA,AC,PMAGY,2019-20,93.4,4.2,64.8,1468.2,1630.6
96 patkura,NA,NA,NA,NA,NA,NA,NA,NA,NA,AC,PMAGY,2019-20,179.6,4.6,19.2,439.1,642.5
97 kendrapara (sc),NA,NA,NA,NA,NA,NA,NA,NA,NA,AC,PMAGY,2019-20,467.2,3.6,93.8,1031.8,1596.4
98 aul,NA,NA,NA,NA,NA,NA,NA,NA,NA,AC,PMAGY,2019-20,1281,1.2,235.4,4628,6145.6
99 rajanagar,NA,NA,NA,NA,NA,NA,NA,NA,NA,AC,PMAGY,2019-20,500.8,54.3,116.4,3955.7,4627.2
aska,NA,NA,NA,NA,NA,NA,NA,NA,NA,PC,PMAGY,2019-20,673.25,489.3,7.75,4721.2,5891.5
balasore,NA,NA,NA,NA,NA,NA,NA,NA,NA,PC,PMAGY,2019-20,7979.35,10744.95,495.7,9016.75,28236.75
bargarh,NA,NA,NA,NA,NA,NA,NA,NA,NA,PC,PMAGY,2019-20,7803.1,12830.4,8.2,12887.5,33529.2
berhampur,NA,NA,NA,NA,NA,NA,NA,NA,NA,PC,PMAGY,2019-20,187.8,990.9,121,3237.3,4537
bhadrak (sc),NA,NA,NA,NA,NA,NA,NA,NA,NA,PC,PMAGY,2019-20,6419.3,839,520.6,20417.1,28196
bhubaneswar,NA,NA,NA,NA,NA,NA,NA,NA,NA,PC,PMAGY,2019-20,84.3,94,97.2,2858,3133.7
bolangir,NA,NA,NA,NA,NA,NA,NA,NA,NA,PC,PMAGY,2019-20,14695.85,16441.8,54.1,27789.35,58981.1
cuttack,NA,NA,NA,NA,NA,NA,NA,NA,NA,PC,PMAGY,2019-20,872.1,664.3,16.9,10744,12297.3
dhenkanal,NA,NA,NA,NA,NA,NA,NA,NA,NA,PC,PMAGY,2019-20,5795.2,4745.2,0.4,9779.5,20320.3
jagatsinghpur (sc),NA,NA,NA,NA,NA,NA,NA,NA,NA,PC,PMAGY,2019-20,1352.6,20.8,369.5,6731.2,8474.1
jajpur (sc),NA,NA,NA,NA,NA,NA,NA,NA,NA,PC,PMAGY,2019-20,5052.2,934.3,382.7,9337.5,15706.7
kalahandi,NA,NA,NA,NA,NA,NA,NA,NA,NA,PC,PMAGY,2019-20,8111.3,20342,32.4,13904.5,42390.2
kandhamal,NA,NA,NA,NA,NA,NA,NA,NA,NA,PC,PMAGY,2019-20,6730.5,4954.7,118.6,17302.8,29106.6
kendrapara,NA,NA,NA,NA,NA,NA,NA,NA,NA,PC,PMAGY,2019-20,3314.4,206.2,593.1,15202.5,19316.2
keonjhar (st),NA,NA,NA,NA,NA,NA,NA,NA,NA,PC,PMAGY,2019-20,4850,27997.1,20.85,8987.3,41855.25
koraput (st),NA,NA,NA,NA,NA,NA,NA,NA,NA,PC,PMAGY,2019-20,2391.25,11658.35,200,9297.1,23546.7
mayurbhanj (st),NA,NA,NA,NA,NA,NA,NA,NA,NA,PC,PMAGY,2019-20,3803.55,41988.6,41.35,9711.25,55544.75
nabarangpur (st),NA,NA,NA,NA,NA,NA,NA,NA,NA,PC,PMAGY,2019-20,6178.15,28328.6,114.85,9061.65,43683.25
puri,NA,NA,NA,NA,NA,NA,NA,NA,NA,PC,PMAGY,2019-20,1393.2,343.15,104.65,11670.4,13511.4
sambalpur,NA,NA,NA,NA,NA,NA,NA,NA,NA,PC,PMAGY,2019-20,2412.2,7539.2,28.05,8782.5,18761.95
sundargarh (st),NA,NA,NA,NA,NA,NA,NA,NA,NA,PC,PMAGY,2019-20,3271.85,26412.95,85.9,9202.85,38973.55
